Age,Fare,Parch,PassengerId,Pclass,Sex,SibSp,Survived,Ticket,Deck,Family_Size,Ticket_Frequency,Title,Sex_1,Sex_2
3,1,0,1,3,male,1,0.0,A/5 21171,M,2,1,3,0.0,1.0
5,4,0,2,1,female,1,1.0,PC 17599,ABC,2,2,2,1.0,0.0
4,1,0,3,3,female,0,1.0,STON/O2. 3101282,M,1,1,2,1.0,0.0
4,4,0,4,1,female,1,1.0,113803,ABC,2,2,2,1.0,0.0
4,2,0,5,3,male,0,0.0,373450,M,1,1,3,0.0,1.0
3,2,0,6,3,male,0,0.0,330877,M,1,1,3,0.0,1.0
5,4,0,7,1,male,0,0.0,17463,DE,1,2,3,0.0,1.0
0,3,1,8,3,male,3,0.0,349909,M,5,5,1,0.0,1.0
4,2,2,9,3,female,0,1.0,347742,M,3,3,2,1.0,0.0
2,3,0,10,2,female,1,1.0,237736,M,2,2,2,1.0,0.0
0,3,1,11,3,female,1,1.0,PP 9549,FG,3,3,2,1.0,0.0
5,3,0,12,1,female,0,1.0,113783,ABC,1,1,2,1.0,0.0
3,2,0,13,3,male,0,0.0,A/5. 2151,M,1,1,3,0.0,1.0
5,4,5,14,3,male,1,0.0,347082,M,7,7,3,0.0,1.0
2,1,0,15,3,female,0,0.0,350406,M,1,1,2,1.0,0.0
5,3,0,16,2,female,0,1.0,248706,M,1,1,2,1.0,0.0
0,3,1,17,3,male,4,0.0,382652,M,6,6,1,0.0,1.0
4,2,0,18,2,male,0,1.0,244373,M,1,1,3,0.0,1.0
4,3,0,19,3,female,1,0.0,345763,M,2,2,2,1.0,0.0
3,1,0,20,3,female,0,1.0,2649,M,1,1,2,1.0,0.0
4,3,0,21,2,male,0,0.0,239865,M,1,2,3,0.0,1.0
4,2,0,22,2,male,0,1.0,248698,DE,1,1,3,0.0,1.0
2,2,0,23,3,female,0,1.0,330923,M,1,1,2,1.0,0.0
4,4,0,24,1,male,0,1.0,113788,ABC,1,1,3,0.0,1.0
1,3,1,25,3,female,3,0.0,349909,M,5,5,2,1.0,0.0
5,4,5,26,3,female,1,1.0,347077,M,7,7,2,1.0,0.0
3,1,0,27,3,male,0,0.0,2631,M,1,1,3,0.0,1.0
3,4,2,28,1,male,3,0.0,19950,ABC,6,6,3,0.0,1.0
3,1,0,29,3,female,0,1.0,330959,M,1,1,2,1.0,0.0
3,1,0,30,3,male,0,0.0,349216,M,1,1,3,0.0,1.0
5,3,0,31,1,male,0,0.0,PC 17601,M,1,1,0,0.0,1.0
5,4,0,32,1,female,1,1.0,PC 17569,ABC,2,3,2,1.0,0.0
3,1,0,33,3,female,0,1.0,335677,M,1,1,2,1.0,0.0
6,2,0,34,2,male,0,0.0,C.A. 24579,M,1,1,3,0.0,1.0
4,4,0,35,1,male,1,0.0,PC 17604,M,2,2,3,0.0,1.0
5,4,0,36,1,male,1,0.0,113789,M,2,2,3,0.0,1.0
3,1,0,37,3,male,0,1.0,2677,M,1,1,3,0.0,1.0
3,2,0,38,3,male,0,0.0,A./5. 2152,M,1,1,3,0.0,1.0
2,3,0,39,3,female,2,0.0,345764,M,3,2,2,1.0,0.0
2,2,0,40,3,female,1,1.0,2651,M,2,2,2,1.0,0.0
5,2,0,41,3,female,1,0.0,7546,M,2,1,2,1.0,0.0
4,3,0,42,2,female,1,0.0,11668,M,2,2,2,1.0,0.0
3,1,0,43,3,male,0,0.0,349253,M,1,1,3,0.0,1.0
0,4,2,44,2,female,1,1.0,SC/Paris 2123,M,4,4,2,1.0,0.0
3,1,0,45,3,female,0,1.0,330958,M,1,1,2,1.0,0.0
3,2,0,46,3,male,0,0.0,S.C./A.4. 23567,M,1,1,3,0.0,1.0
3,3,0,47,3,male,1,0.0,370371,M,2,2,3,0.0,1.0
3,1,0,48,3,female,0,1.0,14311,M,1,1,2,1.0,0.0
3,3,0,49,3,male,2,0.0,2662,M,3,3,3,0.0,1.0
2,3,0,50,3,female,1,0.0,349237,M,2,2,2,1.0,0.0
1,4,1,51,3,male,4,0.0,3101295,M,6,7,1,0.0,1.0
3,1,0,52,3,male,0,0.0,A/4. 39886,M,1,1,3,0.0,1.0
5,4,0,53,1,female,1,1.0,PC 17572,DE,2,3,2,1.0,0.0
4,3,0,54,2,female,1,1.0,2926,M,2,2,2,1.0,0.0
6,4,1,55,1,male,0,0.0,113509,ABC,2,2,3,0.0,1.0
5,4,0,56,1,male,0,1.0,19947,ABC,1,1,3,0.0,1.0
3,2,0,57,2,female,0,1.0,C.A. 31026,M,1,1,2,1.0,0.0
4,1,0,58,3,male,0,0.0,2697,M,1,1,3,0.0,1.0
0,3,2,59,2,female,1,1.0,C.A. 34651,M,4,4,2,1.0,0.0
1,4,2,60,3,male,5,0.0,CA 2144,M,8,8,1,0.0,1.0
3,1,0,61,3,male,0,0.0,2669,M,1,1,3,0.0,1.0
5,4,0,62,1,female,0,1.0,113572,ABC,1,2,2,1.0,0.0
5,4,0,63,1,male,1,0.0,36973,ABC,2,2,3,0.0,1.0
0,3,2,64,3,male,3,0.0,347088,M,6,6,1,0.0,1.0
5,3,0,65,1,male,0,0.0,PC 17605,M,1,1,3,0.0,1.0
3,3,1,66,3,male,1,1.0,2661,M,3,3,1,0.0,1.0
4,2,0,67,2,female,0,1.0,C.A. 29395,FG,1,1,2,1.0,0.0
3,2,0,68,3,male,0,0.0,S.P. 3464,M,1,1,3,0.0,1.0
2,1,2,69,3,female,4,1.0,3101281,M,7,1,2,1.0,0.0
4,2,0,70,3,male,2,0.0,315151,M,3,1,3,0.0,1.0
4,2,0,71,2,male,0,0.0,C.A. 33111,M,1,1,3,0.0,1.0
2,4,2,72,3,female,5,0.0,CA 2144,M,8,8,2,1.0,0.0
3,4,0,73,2,male,0,0.0,S.O.C. 14879,M,1,7,3,0.0,1.0
4,2,0,74,3,male,1,0.0,2680,M,2,2,3,0.0,1.0
4,4,0,75,3,male,0,1.0,1601,M,1,8,3,0.0,1.0
3,1,0,76,3,male,0,0.0,348123,FG,1,1,3,0.0,1.0
3,1,0,77,3,male,0,0.0,349208,M,1,1,3,0.0,1.0
3,2,0,78,3,male,0,0.0,374746,M,1,1,3,0.0,1.0
0,3,2,79,2,male,0,1.0,248738,M,3,3,1,0.0,1.0
4,2,0,80,3,female,0,1.0,364516,M,1,2,2,1.0,0.0
3,2,0,81,3,male,0,0.0,345767,M,1,1,3,0.0,1.0
4,2,0,82,3,male,0,1.0,345779,M,1,1,3,0.0,1.0
3,1,0,83,3,female,0,1.0,330932,M,1,1,2,1.0,0.0
4,4,0,84,1,male,0,0.0,113059,M,1,2,3,0.0,1.0
2,2,0,85,2,female,0,1.0,SO/C 14885,M,1,1,2,1.0,0.0
4,3,0,86,3,female,3,1.0,3101278,M,4,2,2,1.0,0.0
2,4,3,87,3,male,1,0.0,W./C. 6608,M,5,5,3,0.0,1.0
3,2,0,88,3,male,0,0.0,SOTON/OQ 392086,M,1,1,3,0.0,1.0
3,4,2,89,1,female,3,1.0,19950,ABC,6,6,2,1.0,0.0
3,2,0,90,3,male,0,0.0,343275,M,1,1,3,0.0,1.0
4,2,0,91,3,male,0,0.0,343276,M,1,1,3,0.0,1.0
3,1,0,92,3,male,0,0.0,347466,M,1,1,3,0.0,1.0
5,4,0,93,1,male,1,0.0,W.E.P. 5734,DE,2,2,3,0.0,1.0
4,3,2,94,3,male,1,0.0,C.A. 2315,M,4,4,3,0.0,1.0
5,1,0,95,3,male,0,0.0,364500,M,1,1,3,0.0,1.0
3,2,0,96,3,male,0,0.0,374910,M,1,1,3,0.0,1.0
6,4,0,97,1,male,0,0.0,PC 17754,ABC,1,1,3,0.0,1.0
3,4,1,98,1,male,0,1.0,PC 17759,DE,2,2,3,0.0,1.0
4,3,1,99,2,female,0,1.0,231919,M,2,2,2,1.0,0.0
4,3,0,100,2,male,1,0.0,244367,M,2,2,3,0.0,1.0
4,1,0,101,3,female,0,0.0,349245,M,1,1,2,1.0,0.0
3,1,0,102,3,male,0,0.0,349215,M,1,1,3,0.0,1.0
3,4,1,103,1,male,0,0.0,35281,DE,2,2,3,0.0,1.0
4,2,0,104,3,male,0,0.0,7540,M,1,1,3,0.0,1.0
5,1,0,105,3,male,2,0.0,3101276,M,3,1,3,0.0,1.0
4,1,0,106,3,male,0,0.0,349207,M,1,1,3,0.0,1.0
3,1,0,107,3,female,0,1.0,343120,M,1,1,2,1.0,0.0
3,1,0,108,3,male,0,1.0,312991,M,1,1,3,0.0,1.0
5,1,0,109,3,male,0,0.0,349249,M,1,1,3,0.0,1.0
3,3,0,110,3,female,1,1.0,371110,M,2,3,2,1.0,0.0
5,4,0,111,1,male,0,0.0,110465,ABC,1,2,3,0.0,1.0
2,2,0,112,3,female,1,0.0,2665,M,2,2,2,1.0,0.0
3,2,0,113,3,male,0,0.0,324669,M,1,1,3,0.0,1.0
3,2,0,114,3,female,1,0.0,4136,M,2,1,2,1.0,0.0
2,2,0,115,3,female,0,0.0,2627,M,1,2,2,1.0,0.0
3,1,0,116,3,male,0,0.0,STON/O 2. 3101294,M,1,1,3,0.0,1.0
6,1,0,117,3,male,0,0.0,370369,M,1,1,3,0.0,1.0
4,3,0,118,2,male,1,0.0,11668,M,2,2,3,0.0,1.0
3,4,1,119,1,male,0,0.0,PC 17558,ABC,2,3,3,0.0,1.0
0,4,2,120,3,female,4,0.0,347082,M,7,7,2,1.0,0.0
3,4,0,121,2,male,2,0.0,S.O.C. 14879,M,3,7,3,0.0,1.0
3,2,0,122,3,male,0,0.0,A4. 54510,M,1,1,3,0.0,1.0
4,3,0,123,2,male,1,0.0,237736,M,2,2,3,0.0,1.0
4,2,0,124,2,female,0,1.0,27267,DE,1,1,2,1.0,0.0
5,4,1,125,1,male,0,0.0,35281,DE,2,2,3,0.0,1.0
1,2,0,126,3,male,1,1.0,2651,M,2,2,1,0.0,1.0
3,1,0,127,3,male,0,0.0,370372,M,1,1,3,0.0,1.0
3,1,0,128,3,male,0,1.0,C 17369,M,1,1,3,0.0,1.0
3,3,1,129,3,female,1,1.0,2668,FG,3,3,2,1.0,0.0
5,1,0,130,3,male,0,0.0,347061,M,1,1,3,0.0,1.0
4,1,0,131,3,male,0,0.0,349241,M,1,1,3,0.0,1.0
3,1,0,132,3,male,0,0.0,SOTON/O.Q. 3101307,M,1,1,3,0.0,1.0
5,2,0,133,3,female,1,0.0,A/5. 3337,M,2,2,2,1.0,0.0
4,3,0,134,2,female,1,1.0,228414,M,2,2,2,1.0,0.0
3,2,0,135,2,male,0,0.0,C.A. 29178,M,1,1,3,0.0,1.0
3,3,0,136,2,male,0,0.0,SC/PARIS 2133,M,1,1,3,0.0,1.0
3,3,2,137,1,female,0,1.0,11752,DE,3,1,2,1.0,0.0
5,4,0,138,1,male,1,0.0,113803,ABC,2,2,3,0.0,1.0
2,2,0,139,3,male,0,0.0,7534,M,1,2,3,0.0,1.0
3,4,0,140,1,male,0,0.0,PC 17593,ABC,1,2,3,0.0,1.0
3,3,2,141,3,female,0,0.0,2678,M,3,3,2,1.0,0.0
3,1,0,142,3,female,0,1.0,347081,M,1,1,2,1.0,0.0
3,3,0,143,3,female,1,1.0,STON/O2. 3101279,M,2,2,2,1.0,0.0
3,1,0,144,3,male,0,0.0,365222,M,1,1,3,0.0,1.0
2,2,0,145,2,male,0,0.0,231945,M,1,1,3,0.0,1.0
3,4,1,146,2,male,1,0.0,C.A. 33112,M,3,4,3,0.0,1.0
4,1,0,147,3,male,0,1.0,350043,M,1,1,3,0.0,1.0
1,4,2,148,3,female,2,0.0,W./C. 6608,M,5,5,2,1.0,0.0
5,3,2,149,2,male,0,0.0,230080,FG,3,3,3,0.0,1.0
5,2,0,150,2,male,0,0.0,244310,M,1,1,0,0.0,1.0
5,2,0,151,2,male,0,0.0,S.O.P. 1166,M,1,1,0,0.0,1.0
3,4,0,152,1,female,1,1.0,113776,ABC,2,2,2,1.0,0.0
5,2,0,153,3,male,0,0.0,A.5. 11206,M,1,1,3,0.0,1.0
5,2,2,154,3,male,0,0.0,A/5. 851,M,3,3,3,0.0,1.0
3,1,0,155,3,male,0,0.0,Fa 265302,M,1,1,3,0.0,1.0
5,4,1,156,1,male,0,0.0,PC 17597,M,2,2,3,0.0,1.0
2,1,0,157,3,female,0,1.0,35851,M,1,1,2,1.0,0.0
4,2,0,158,3,male,0,0.0,SOTON/OQ 392090,M,1,1,3,0.0,1.0
3,2,0,159,3,male,0,0.0,315037,M,1,1,3,0.0,1.0
3,4,2,160,3,male,8,0.0,CA. 2343,M,11,11,1,0.0,1.0
5,3,1,161,3,male,0,0.0,371362,M,2,2,3,0.0,1.0
5,3,0,162,2,female,0,1.0,C.A. 33595,M,1,2,2,1.0,0.0
4,1,0,163,3,male,0,0.0,347068,M,1,1,3,0.0,1.0
2,2,0,164,3,male,0,0.0,315093,M,1,1,3,0.0,1.0
0,4,1,165,3,male,4,0.0,3101295,M,6,7,1,0.0,1.0
1,3,2,166,3,male,0,1.0,363291,M,3,3,1,0.0,1.0
5,4,1,167,1,female,0,1.0,113505,DE,2,2,2,1.0,0.0
5,3,4,168,3,female,1,0.0,347088,M,6,6,2,1.0,0.0
5,3,0,169,1,male,0,0.0,PC 17318,M,1,1,3,0.0,1.0
4,4,0,170,3,male,0,0.0,1601,M,1,8,3,0.0,1.0
6,4,0,171,1,male,0,0.0,111240,ABC,1,1,3,0.0,1.0
0,3,1,172,3,male,4,0.0,382652,M,6,6,1,0.0,1.0
0,2,1,173,3,female,1,1.0,347742,M,3,3,2,1.0,0.0
3,1,0,174,3,male,0,0.0,STON/O 2. 3101280,M,1,1,3,0.0,1.0
5,3,0,175,1,male,0,0.0,17764,ABC,1,1,3,0.0,1.0
2,1,1,176,3,male,1,0.0,350404,M,3,1,3,0.0,1.0
3,3,1,177,3,male,3,0.0,4133,M,5,5,1,0.0,1.0
5,3,0,178,1,female,0,0.0,PC 17595,ABC,1,1,2,1.0,0.0
4,2,0,179,2,male,0,0.0,250653,M,1,1,3,0.0,1.0
5,0,0,180,3,male,0,0.0,LINE,M,1,4,3,0.0,1.0
3,4,2,181,3,female,8,0.0,CA. 2343,M,11,11,2,1.0,0.0
4,3,0,182,2,male,0,0.0,SC/PARIS 2131,M,1,1,3,0.0,1.0
1,4,2,183,3,male,4,0.0,347077,M,7,7,1,0.0,1.0
0,4,1,184,2,male,2,1.0,230136,FG,4,4,1,0.0,1.0
0,3,2,185,3,female,0,1.0,315153,M,3,3,2,1.0,0.0
5,4,0,186,1,male,0,0.0,113767,ABC,1,1,3,0.0,1.0
3,3,0,187,3,female,1,1.0,370365,M,2,2,2,1.0,0.0
5,3,0,188,1,male,0,1.0,111428,M,1,1,3,0.0,1.0
5,3,1,189,3,male,1,0.0,364849,M,3,2,3,0.0,1.0
5,1,0,190,3,male,0,0.0,349247,M,1,1,3,0.0,1.0
4,2,0,191,2,female,0,1.0,234604,M,1,1,2,1.0,0.0
3,2,0,192,2,male,0,0.0,28424,M,1,1,3,0.0,1.0
3,1,0,193,3,female,1,1.0,350046,M,2,1,2,1.0,0.0
0,3,1,194,2,male,1,1.0,230080,FG,3,3,1,0.0,1.0
5,3,0,195,1,female,0,1.0,PC 17610,ABC,1,1,2,1.0,0.0
5,4,0,196,1,female,0,1.0,PC 17569,ABC,1,3,2,1.0,0.0
3,1,0,197,3,male,0,0.0,368703,M,1,1,3,0.0,1.0
5,2,1,198,3,male,0,0.0,4579,M,2,1,3,0.0,1.0
3,1,0,199,3,female,0,1.0,370370,M,1,1,2,1.0,0.0
3,2,0,200,2,female,0,0.0,248747,M,1,1,2,1.0,0.0
4,2,0,201,3,male,0,0.0,345770,M,1,1,3,0.0,1.0
3,4,2,202,3,male,8,0.0,CA. 2343,M,11,11,3,0.0,1.0
4,1,0,203,3,male,0,0.0,3101264,M,1,1,3,0.0,1.0
5,1,0,204,3,male,0,0.0,2628,M,1,1,3,0.0,1.0
2,2,0,205,3,male,0,1.0,A/5 3540,M,1,1,3,0.0,1.0
0,2,1,206,3,female,0,0.0,347054,FG,2,2,2,1.0,0.0
4,3,0,207,3,male,1,0.0,3101278,M,2,2,3,0.0,1.0
4,3,0,208,3,male,0,1.0,2699,M,1,2,3,0.0,1.0
2,1,0,209,3,female,0,1.0,367231,M,1,1,2,1.0,0.0
5,3,0,210,1,male,0,1.0,112277,ABC,1,1,3,0.0,1.0
3,1,0,211,3,male,0,0.0,SOTON/O.Q. 3101311,M,1,1,3,0.0,1.0
4,3,0,212,2,female,0,1.0,F.C.C. 13528,M,1,2,2,1.0,0.0
3,1,0,213,3,male,0,0.0,A/5 21174,M,1,1,3,0.0,1.0
4,2,0,214,2,male,0,0.0,250646,M,1,1,3,0.0,1.0
3,1,0,215,3,male,1,0.0,367229,M,2,1,3,0.0,1.0
4,4,0,216,1,female,1,1.0,35273,DE,2,3,2,1.0,0.0
4,1,0,217,3,female,0,1.0,STON/O2. 3101283,M,1,1,2,1.0,0.0
5,3,0,218,2,male,1,0.0,243847,M,2,2,3,0.0,1.0
4,4,0,219,1,female,0,1.0,11813,DE,1,2,2,1.0,0.0
4,2,0,220,2,male,0,0.0,W/C 14208,M,1,1,3,0.0,1.0
2,2,0,221,3,male,0,1.0,SOTON/OQ 392089,M,1,1,3,0.0,1.0
4,2,0,222,2,male,0,0.0,220367,M,1,1,3,0.0,1.0
5,2,0,223,3,male,0,0.0,21440,M,1,1,3,0.0,1.0
3,1,0,224,3,male,0,0.0,349234,M,1,1,3,0.0,1.0
5,4,0,225,1,male,1,1.0,19943,ABC,2,2,3,0.0,1.0
3,2,0,226,3,male,0,0.0,PP 4348,M,1,1,3,0.0,1.0
3,2,0,227,2,male,0,1.0,SW/PP 751,M,1,1,3,0.0,1.0
3,1,0,228,3,male,0,0.0,A/5 21173,M,1,1,3,0.0,1.0
2,2,0,229,2,male,0,0.0,236171,M,1,1,3,0.0,1.0
3,3,1,230,3,female,3,0.0,4133,M,5,5,2,1.0,0.0
4,4,0,231,1,female,1,1.0,36973,ABC,2,2,2,1.0,0.0
4,1,0,232,3,male,0,0.0,347067,M,1,1,3,0.0,1.0
5,2,0,233,2,male,0,0.0,237442,M,1,1,3,0.0,1.0
0,4,2,234,3,female,4,1.0,347077,M,7,7,2,1.0,0.0
3,2,0,235,2,male,0,0.0,C.A. 29566,M,1,1,3,0.0,1.0
3,1,0,236,3,female,0,0.0,W./C. 6609,M,1,1,2,1.0,0.0
5,3,0,237,2,male,1,0.0,26707,M,2,2,3,0.0,1.0
1,3,2,238,2,female,0,1.0,C.A. 31921,M,3,3,2,1.0,0.0
3,2,0,239,2,male,0,0.0,28665,M,1,1,3,0.0,1.0
4,2,0,240,2,male,0,0.0,SCO/W 1585,M,1,1,3,0.0,1.0
3,2,0,241,3,female,1,0.0,2665,M,2,2,2,1.0,0.0
3,3,0,242,3,female,1,1.0,367230,M,2,2,2,1.0,0.0
4,2,0,243,2,male,0,0.0,W./C. 14263,M,1,1,3,0.0,1.0
3,1,0,244,3,male,0,0.0,STON/O 2. 3101275,M,1,1,3,0.0,1.0
4,1,0,245,3,male,0,0.0,2694,M,1,1,3,0.0,1.0
5,4,0,246,1,male,2,0.0,19928,ABC,3,3,0,0.0,1.0
3,1,0,247,3,female,0,0.0,347071,M,1,1,2,1.0,0.0
3,2,2,248,2,female,0,1.0,250649,M,3,2,2,1.0,0.0
5,4,1,249,1,male,1,1.0,11751,DE,3,2,3,0.0,1.0
5,3,0,250,2,male,1,0.0,244252,M,2,2,0,0.0,1.0
3,1,0,251,3,male,0,0.0,362316,M,1,1,3,0.0,1.0
4,2,1,252,3,female,1,0.0,347054,FG,3,2,2,1.0,0.0
6,3,0,253,1,male,0,0.0,113514,ABC,1,1,3,0.0,1.0
4,3,0,254,3,male,1,0.0,A/5. 3336,M,2,2,3,0.0,1.0
5,3,2,255,3,female,0,0.0,370129,M,3,3,2,1.0,0.0
4,3,2,256,3,female,0,1.0,2650,M,3,3,2,1.0,0.0
5,4,0,257,1,female,0,1.0,PC 17585,M,1,2,2,1.0,0.0
4,4,0,258,1,female,0,1.0,110152,ABC,1,3,2,1.0,0.0
4,4,0,259,1,female,0,1.0,PC 17755,M,1,4,2,1.0,0.0
5,3,1,260,2,female,0,1.0,230433,M,2,2,2,1.0,0.0
3,1,0,261,3,male,0,0.0,384461,M,1,1,3,0.0,1.0
0,4,2,262,3,male,4,1.0,347077,M,7,7,1,0.0,1.0
5,4,1,263,1,male,1,0.0,110413,DE,3,3,3,0.0,1.0
5,0,0,264,1,male,0,0.0,112059,ABC,1,1,3,0.0,1.0
3,1,0,265,3,female,0,0.0,382649,M,1,1,2,1.0,0.0
5,2,0,266,2,male,0,0.0,C.A. 17248,M,1,1,3,0.0,1.0
2,4,1,267,3,male,4,0.0,3101295,M,6,7,3,0.0,1.0
3,1,0,268,3,male,1,1.0,347083,M,2,1,3,0.0,1.0
5,4,1,269,1,female,0,1.0,PC 17582,ABC,2,3,2,1.0,0.0
4,4,0,270,1,female,0,1.0,PC 17760,ABC,1,4,2,1.0,0.0
5,3,0,271,1,male,0,0.0,113798,M,1,2,3,0.0,1.0
3,0,0,272,3,male,0,1.0,LINE,M,1,4,3,0.0,1.0
5,3,1,273,2,female,0,1.0,250644,M,2,2,2,1.0,0.0
5,3,1,274,1,male,0,0.0,PC 17596,ABC,2,1,3,0.0,1.0
3,1,0,275,3,female,0,1.0,370375,M,1,1,2,1.0,0.0
6,4,0,276,1,female,1,1.0,13502,DE,2,3,2,1.0,0.0
5,1,0,277,3,female,0,0.0,347073,M,1,1,2,1.0,0.0
4,0,0,278,2,male,0,0.0,239853,M,1,3,3,0.0,1.0
1,3,1,279,3,male,4,0.0,382652,M,6,6,1,0.0,1.0
4,3,1,280,3,female,1,1.0,C.A. 2673,M,3,3,2,1.0,0.0
6,1,0,281,3,male,0,0.0,336439,M,1,1,3,0.0,1.0
4,1,0,282,3,male,0,0.0,347464,M,1,1,3,0.0,1.0
2,2,0,283,3,male,0,0.0,345778,M,1,1,3,0.0,1.0
3,2,0,284,3,male,0,1.0,A/5. 10482,M,1,1,3,0.0,1.0
5,3,0,285,1,male,0,0.0,113056,ABC,1,1,3,0.0,1.0
4,2,0,286,3,male,0,0.0,349239,M,1,1,3,0.0,1.0
4,2,0,287,3,male,0,1.0,345774,M,1,1,3,0.0,1.0
3,1,0,288,3,male,0,0.0,349206,M,1,1,3,0.0,1.0
5,2,0,289,2,male,0,1.0,237798,M,1,1,3,0.0,1.0
3,1,0,290,3,female,0,1.0,370373,M,1,1,2,1.0,0.0
4,4,0,291,1,female,0,1.0,19877,M,1,3,2,1.0,0.0
3,4,0,292,1,female,1,1.0,11967,ABC,2,2,2,1.0,0.0
5,2,0,293,2,male,0,0.0,SC/Paris 2163,DE,1,1,3,0.0,1.0
3,2,0,294,3,female,0,0.0,349236,M,1,1,2,1.0,0.0
3,1,0,295,3,male,0,0.0,349233,M,1,1,3,0.0,1.0
5,3,0,296,1,male,0,0.0,PC 17612,M,1,1,3,0.0,1.0
3,1,0,297,3,male,0,0.0,2693,M,1,1,3,0.0,1.0
0,4,2,298,1,female,1,0.0,113781,ABC,4,6,2,1.0,0.0
5,3,0,299,1,male,0,1.0,19988,ABC,1,1,3,0.0,1.0
5,4,1,300,1,female,0,1.0,PC 17558,ABC,2,3,2,1.0,0.0
3,1,0,301,3,female,0,1.0,9234,M,1,1,2,1.0,0.0
3,3,0,302,3,male,2,1.0,367226,M,3,3,3,0.0,1.0
3,0,0,303,3,male,0,0.0,LINE,M,1,4,3,0.0,1.0
4,2,0,304,2,female,0,1.0,226593,DE,1,1,2,1.0,0.0
3,2,0,305,3,male,0,0.0,A/5 2466,M,1,1,3,0.0,1.0
0,4,2,306,1,male,1,1.0,113781,ABC,4,6,1,0.0,1.0
5,4,0,307,1,female,0,1.0,17421,M,1,4,2,1.0,0.0
2,4,0,308,1,female,1,1.0,PC 17758,ABC,2,3,2,1.0,0.0
4,3,0,309,2,male,1,0.0,P/PP 3381,M,2,2,3,0.0,1.0
4,4,0,310,1,female,0,1.0,PC 17485,DE,1,2,2,1.0,0.0
3,4,0,311,1,female,0,1.0,11767,ABC,1,3,2,1.0,0.0
2,4,2,312,1,female,2,1.0,PC 17608,ABC,5,7,2,1.0,0.0
4,3,1,313,2,female,1,0.0,250651,M,3,2,2,1.0,0.0
4,1,0,314,3,male,0,0.0,349243,M,1,1,3,0.0,1.0
5,3,1,315,2,male,1,0.0,F.C.C. 13529,M,3,3,3,0.0,1.0
4,1,0,316,3,female,0,1.0,347470,M,1,1,2,1.0,0.0
3,3,0,317,2,female,1,1.0,244367,M,2,2,2,1.0,0.0
5,2,0,318,2,male,0,0.0,29011,M,1,1,0,0.0,1.0
4,4,2,319,1,female,0,1.0,36928,ABC,3,4,2,1.0,0.0
5,4,1,320,1,female,1,1.0,16966,DE,3,5,2,1.0,0.0
3,1,0,321,3,male,0,0.0,A/5 21172,M,1,1,3,0.0,1.0
4,1,0,322,3,male,0,0.0,349219,M,1,1,3,0.0,1.0
4,2,0,323,2,female,0,1.0,234818,M,1,1,2,1.0,0.0
3,3,1,324,2,female,1,1.0,248738,M,3,3,2,1.0,0.0
3,4,2,325,3,male,8,0.0,CA. 2343,M,11,11,3,0.0,1.0
5,4,0,326,1,female,0,1.0,PC 17760,ABC,1,4,2,1.0,0.0
6,1,0,327,3,male,0,0.0,345364,M,1,1,3,0.0,1.0
5,2,0,328,2,female,0,1.0,28551,DE,1,1,2,1.0,0.0
4,3,1,329,3,female,1,1.0,363291,M,3,3,2,1.0,0.0
2,4,1,330,1,female,0,1.0,111361,ABC,2,2,2,1.0,0.0
3,3,0,331,3,female,2,1.0,367226,M,3,3,2,1.0,0.0
5,3,0,332,1,male,0,0.0,113043,ABC,1,1,3,0.0,1.0
5,4,1,333,1,male,0,0.0,PC 17582,ABC,2,3,3,0.0,1.0
2,3,0,334,3,male,2,0.0,345764,M,3,2,3,0.0,1.0
5,4,0,335,1,female,1,1.0,PC 17611,M,2,2,2,1.0,0.0
3,1,0,336,3,male,0,0.0,349225,M,1,1,3,0.0,1.0
4,4,0,337,1,male,1,0.0,113776,ABC,2,2,3,0.0,1.0
5,4,0,338,1,female,0,1.0,16966,DE,1,5,2,1.0,0.0
5,2,0,339,3,male,0,1.0,7598,M,1,1,3,0.0,1.0
5,4,0,340,1,male,0,0.0,113784,ABC,1,1,3,0.0,1.0
0,3,1,341,2,male,1,1.0,230080,FG,3,3,1,0.0,1.0
3,4,2,342,1,female,3,1.0,19950,ABC,6,6,2,1.0,0.0
4,2,0,343,2,male,0,0.0,248740,M,1,1,3,0.0,1.0
3,2,0,344,2,male,0,0.0,244361,M,1,1,3,0.0,1.0
5,2,0,345,2,male,0,0.0,229236,M,1,1,3,0.0,1.0
3,2,0,346,2,female,0,1.0,248733,FG,1,1,2,1.0,0.0
5,2,0,347,2,female,0,1.0,31418,M,1,1,2,1.0,0.0
3,3,0,348,3,female,1,1.0,386525,M,2,2,2,1.0,0.0
0,3,1,349,3,male,1,1.0,C.A. 37671,M,3,3,1,0.0,1.0
5,2,0,350,3,male,0,0.0,315088,M,1,1,3,0.0,1.0
3,2,0,351,3,male,0,0.0,7267,M,1,1,3,0.0,1.0
5,4,0,352,1,male,0,0.0,113510,ABC,1,1,3,0.0,1.0
2,1,1,353,3,male,1,0.0,2695,M,3,1,3,0.0,1.0
3,3,0,354,3,male,1,0.0,349237,M,2,2,3,0.0,1.0
3,1,0,355,3,male,0,0.0,2647,M,1,1,3,0.0,1.0
4,2,0,356,3,male,0,0.0,345783,M,1,1,3,0.0,1.0
3,4,1,357,1,female,0,1.0,113505,DE,2,2,2,1.0,0.0
5,2,0,358,2,female,0,0.0,237671,M,1,1,2,1.0,0.0
3,1,0,359,3,female,0,1.0,330931,M,1,1,2,1.0,0.0
3,1,0,360,3,female,0,1.0,330980,M,1,1,2,1.0,0.0
5,3,4,361,3,male,1,0.0,347088,M,6,6,3,0.0,1.0
4,3,0,362,2,male,1,0.0,SC/PARIS 2167,M,2,2,3,0.0,1.0
5,2,1,363,3,female,0,0.0,2691,M,2,2,2,1.0,0.0
4,1,0,364,3,male,0,0.0,SOTON/O.Q. 3101310,M,1,1,3,0.0,1.0
3,3,0,365,3,male,1,0.0,370365,M,2,2,3,0.0,1.0
4,1,0,366,3,male,0,0.0,C 7076,M,1,1,3,0.0,1.0
5,4,0,367,1,female,1,1.0,110813,DE,2,2,2,1.0,0.0
3,1,0,368,3,female,0,1.0,2626,M,1,1,2,1.0,0.0
3,1,0,369,3,female,0,1.0,14313,M,1,1,2,1.0,0.0
3,4,0,370,1,female,0,1.0,PC 17477,ABC,1,2,2,1.0,0.0
3,4,0,371,1,male,1,1.0,11765,DE,2,2,3,0.0,1.0
2,1,0,372,3,male,1,0.0,3101267,M,2,1,3,0.0,1.0
3,2,0,373,3,male,0,0.0,323951,M,1,1,3,0.0,1.0
3,4,0,374,1,male,0,0.0,PC 17760,M,1,4,3,0.0,1.0
0,3,1,375,3,female,3,0.0,349909,M,5,5,2,1.0,0.0
5,4,0,376,1,female,1,1.0,PC 17604,M,2,2,2,1.0,0.0
3,1,0,377,3,female,0,1.0,C 7077,M,1,1,2,1.0,0.0
4,4,2,378,1,male,0,0.0,113503,ABC,3,5,3,0.0,1.0
3,1,0,379,3,male,0,0.0,2648,M,1,1,3,0.0,1.0
3,1,0,380,3,male,0,0.0,347069,M,1,1,3,0.0,1.0
5,4,0,381,1,female,0,1.0,PC 17757,M,1,5,2,1.0,0.0
0,3,2,382,3,female,0,1.0,2653,M,3,3,2,1.0,0.0
4,1,0,383,3,male,0,0.0,STON/O 2. 3101293,M,1,1,3,0.0,1.0
4,4,0,384,1,female,1,1.0,113789,M,2,2,2,1.0,0.0
3,1,0,385,3,male,0,0.0,349227,M,1,1,3,0.0,1.0
2,4,0,386,2,male,0,0.0,S.O.C. 14879,M,1,7,3,0.0,1.0
0,4,2,387,3,male,5,0.0,CA 2144,M,8,8,1,0.0,1.0
5,2,0,388,2,female,0,1.0,27849,M,1,1,2,1.0,0.0
3,1,0,389,3,male,0,0.0,367655,M,1,1,3,0.0,1.0
2,2,0,390,2,female,0,1.0,SC 1748,M,1,1,2,1.0,0.0
5,4,2,391,1,male,1,1.0,113760,ABC,4,4,3,0.0,1.0
3,1,0,392,3,male,0,1.0,350034,M,1,1,3,0.0,1.0
4,1,0,393,3,male,2,0.0,3101277,M,3,1,3,0.0,1.0
3,4,0,394,1,female,1,1.0,35273,DE,2,3,2,1.0,0.0
3,3,2,395,3,female,0,1.0,PP 9549,FG,3,3,2,1.0,0.0
3,1,0,396,3,male,0,0.0,350052,M,1,1,3,0.0,1.0
4,1,0,397,3,female,0,0.0,350407,M,1,1,2,1.0,0.0
5,3,0,398,2,male,0,0.0,28403,M,1,2,3,0.0,1.0
3,2,0,399,2,male,0,0.0,244278,M,1,1,0,0.0,1.0
4,2,0,400,2,female,0,1.0,240929,M,1,1,2,1.0,0.0
5,1,0,401,3,male,0,1.0,STON/O 2. 3101289,M,1,1,3,0.0,1.0
4,2,0,402,3,male,0,0.0,341826,M,1,1,3,0.0,1.0
3,2,0,403,3,female,1,0.0,4137,M,2,1,2,1.0,0.0
4,3,0,404,3,male,1,0.0,STON/O2. 3101279,M,2,2,3,0.0,1.0
3,2,0,405,3,female,0,0.0,315096,M,1,1,2,1.0,0.0
4,3,0,406,2,male,1,0.0,28664,M,2,2,3,0.0,1.0
5,1,0,407,3,male,0,0.0,347064,M,1,1,3,0.0,1.0
0,3,1,408,2,male,1,1.0,29106,M,3,3,1,0.0,1.0
3,1,0,409,3,male,0,0.0,312992,M,1,1,3,0.0,1.0
3,3,1,410,3,female,3,0.0,4133,M,5,5,2,1.0,0.0
3,1,0,411,3,male,0,0.0,349222,M,1,1,3,0.0,1.0
3,1,0,412,3,male,0,0.0,394140,M,1,1,3,0.0,1.0
4,4,0,413,1,female,1,1.0,19928,ABC,2,3,2,1.0,0.0
4,0,0,414,2,male,0,0.0,239853,M,1,3,3,0.0,1.0
5,1,0,415,3,male,0,1.0,STON/O 2. 3101269,M,1,1,3,0.0,1.0
3,2,0,416,3,female,0,0.0,343095,M,1,1,2,1.0,0.0
4,4,1,417,2,female,1,1.0,28220,M,3,3,2,1.0,0.0
2,2,2,418,2,female,0,1.0,250652,M,3,1,2,1.0,0.0
4,2,0,419,2,male,0,0.0,28228,M,1,1,3,0.0,1.0
1,3,2,420,3,female,0,0.0,345773,M,3,3,2,1.0,0.0
3,1,0,421,3,male,0,0.0,349254,M,1,1,3,0.0,1.0
3,1,0,422,3,male,0,0.0,A/5. 13032,M,1,1,3,0.0,1.0
4,1,0,423,3,male,0,0.0,315082,M,1,1,3,0.0,1.0
4,2,1,424,3,female,1,0.0,347080,M,3,3,2,1.0,0.0
2,3,1,425,3,male,1,0.0,370129,M,3,3,3,0.0,1.0
3,1,0,426,3,male,0,0.0,A/4. 34244,M,1,1,3,0.0,1.0
4,3,0,427,2,female,1,1.0,2003,M,2,2,2,1.0,0.0
3,3,0,428,2,female,0,1.0,250655,M,1,2,2,1.0,0.0
3,1,0,429,3,male,0,0.0,364851,M,1,1,3,0.0,1.0
4,2,0,430,3,male,0,1.0,SOTON/O.Q. 392078,DE,1,1,3,0.0,1.0
4,3,0,431,1,male,0,1.0,110564,ABC,1,1,3,0.0,1.0
3,3,0,432,3,female,1,1.0,376564,M,2,2,2,1.0,0.0
5,3,0,433,2,female,1,1.0,SC/AH 3085,M,2,2,2,1.0,0.0
2,1,0,434,3,male,0,0.0,STON/O 2. 3101274,M,1,1,3,0.0,1.0
5,4,0,435,1,male,1,0.0,13507,DE,2,2,3,0.0,1.0
2,4,2,436,1,female,1,1.0,113760,ABC,4,4,2,1.0,0.0
3,4,2,437,3,female,2,0.0,W./C. 6608,M,5,5,2,1.0,0.0
3,3,3,438,2,female,2,1.0,29106,M,6,3,2,1.0,0.0
6,4,4,439,1,male,1,0.0,19950,ABC,6,6,3,0.0,1.0
4,2,0,440,2,male,0,0.0,C.A. 18723,M,1,1,3,0.0,1.0
5,3,1,441,2,female,1,1.0,F.C.C. 13529,M,3,3,2,1.0,0.0
3,2,0,442,3,male,0,0.0,345769,M,1,1,3,0.0,1.0
3,1,0,443,3,male,1,0.0,347076,M,2,1,3,0.0,1.0
4,2,0,444,2,female,0,1.0,230434,M,1,1,2,1.0,0.0
3,2,0,445,3,male,0,1.0,65306,M,1,1,3,0.0,1.0
0,4,2,446,1,male,0,1.0,33638,ABC,3,3,1,0.0,1.0
2,3,1,447,2,female,0,1.0,250644,M,2,2,2,1.0,0.0
4,3,0,448,1,male,0,1.0,113794,M,1,1,3,0.0,1.0
0,3,1,449,3,female,2,1.0,2666,M,4,4,2,1.0,0.0
5,3,0,450,1,male,0,1.0,113786,ABC,1,1,0,0.0,1.0
5,3,2,451,2,male,1,0.0,C.A. 34651,M,4,4,3,0.0,1.0
3,3,0,452,3,male,1,0.0,65303,M,2,1,3,0.0,1.0
4,3,0,453,1,male,0,0.0,113051,ABC,1,1,3,0.0,1.0
5,4,0,454,1,male,1,1.0,17453,ABC,2,2,3,0.0,1.0
3,2,0,455,3,male,0,0.0,A/5 2817,M,1,1,3,0.0,1.0
4,1,0,456,3,male,0,1.0,349240,M,1,1,3,0.0,1.0
6,3,0,457,1,male,0,0.0,13509,DE,1,1,3,0.0,1.0
5,4,0,458,1,female,1,1.0,17464,DE,2,2,2,1.0,0.0
5,2,0,459,2,female,0,1.0,F.C.C. 13531,M,1,1,2,1.0,0.0
3,1,0,460,3,male,0,0.0,371060,M,1,1,3,0.0,1.0
5,3,0,461,1,male,0,1.0,19952,DE,1,1,3,0.0,1.0
4,2,0,462,3,male,0,0.0,364506,M,1,1,3,0.0,1.0
5,4,0,463,1,male,0,0.0,111320,DE,1,1,3,0.0,1.0
5,2,0,464,2,male,0,0.0,234360,M,1,1,3,0.0,1.0
3,2,0,465,3,male,0,0.0,A/S 2816,M,1,1,3,0.0,1.0
5,1,0,466,3,male,0,0.0,SOTON/O.Q. 3101306,M,1,1,3,0.0,1.0
4,0,0,467,2,male,0,0.0,239853,M,1,3,3,0.0,1.0
5,3,0,468,1,male,0,0.0,113792,M,1,1,3,0.0,1.0
3,1,0,469,3,male,0,0.0,36209,M,1,1,3,0.0,1.0
0,3,1,470,3,female,2,1.0,2666,M,4,4,2,1.0,0.0
3,1,0,471,3,male,0,0.0,323592,M,1,1,3,0.0,1.0
5,2,0,472,3,male,0,0.0,315089,M,1,1,3,0.0,1.0
4,3,2,473,2,female,1,1.0,C.A. 34651,M,4,4,2,1.0,0.0
3,2,0,474,2,female,0,1.0,SC/AH Basle 541,DE,1,1,2,1.0,0.0
3,2,0,475,3,female,0,0.0,7553,M,1,1,2,1.0,0.0
5,4,0,476,1,male,0,0.0,110465,ABC,1,2,3,0.0,1.0
4,3,0,477,2,male,1,0.0,31027,M,2,2,3,0.0,1.0
4,1,0,478,3,male,1,0.0,3460,M,2,1,3,0.0,1.0
3,1,0,479,3,male,0,0.0,350060,M,1,1,3,0.0,1.0
0,2,1,480,3,female,0,1.0,3101298,M,2,2,2,1.0,0.0
1,4,2,481,3,male,5,0.0,CA 2144,M,8,8,1,0.0,1.0
4,0,0,482,2,male,0,0.0,239854,M,1,1,3,0.0,1.0
5,2,0,483,3,male,0,0.0,A/5 3594,M,1,1,3,0.0,1.0
6,2,0,484,3,female,0,1.0,4134,M,1,1,2,1.0,0.0
3,4,0,485,1,male,1,1.0,11967,ABC,2,2,3,0.0,1.0
3,3,1,486,3,female,3,0.0,4133,M,5,5,2,1.0,0.0
4,4,0,487,1,female,1,1.0,19943,ABC,2,2,2,1.0,0.0
5,3,0,488,1,male,0,0.0,11771,ABC,1,1,3,0.0,1.0
4,2,0,489,3,male,0,0.0,A.5. 18509,M,1,1,3,0.0,1.0
1,3,1,490,3,male,1,1.0,C.A. 37671,M,3,3,1,0.0,1.0
3,3,0,491,3,male,1,0.0,65304,M,2,1,3,0.0,1.0
3,1,0,492,3,male,0,0.0,SOTON/OQ 3101317,M,1,1,3,0.0,1.0
5,3,0,493,1,male,0,0.0,113787,ABC,1,1,3,0.0,1.0
6,4,0,494,1,male,0,0.0,PC 17609,M,1,1,3,0.0,1.0
3,2,0,495,3,male,0,0.0,A/4 45380,M,1,1,3,0.0,1.0
3,2,0,496,3,male,0,0.0,2627,M,1,2,3,0.0,1.0
5,4,0,497,1,female,1,1.0,36947,DE,2,2,2,1.0,0.0
3,3,0,498,3,male,0,0.0,C.A. 6212,M,1,2,3,0.0,1.0
3,4,2,499,1,female,1,0.0,113781,ABC,4,6,2,1.0,0.0
3,1,0,500,3,male,0,0.0,350035,M,1,1,3,0.0,1.0
2,2,0,501,3,male,0,0.0,315086,M,1,1,3,0.0,1.0
3,1,0,502,3,female,0,0.0,364846,M,1,1,2,1.0,0.0
3,1,0,503,3,female,0,0.0,330909,M,1,1,2,1.0,0.0
5,2,0,504,3,female,0,0.0,4135,M,1,1,2,1.0,0.0
2,4,0,505,1,female,0,1.0,110152,ABC,1,3,2,1.0,0.0
2,4,0,506,1,male,1,0.0,PC 17758,ABC,2,3,3,0.0,1.0
4,3,2,507,2,female,0,1.0,26360,M,3,3,2,1.0,0.0
5,3,0,508,1,male,0,1.0,111427,M,1,1,3,0.0,1.0
4,3,0,509,3,male,0,0.0,C 4001,M,1,3,3,0.0,1.0
4,4,0,510,3,male,0,1.0,1601,M,1,8,3,0.0,1.0
4,1,0,511,3,male,0,1.0,382651,M,1,1,3,0.0,1.0
3,2,0,512,3,male,0,0.0,SOTON/OQ 3101316,M,1,1,3,0.0,1.0
5,3,0,513,1,male,0,1.0,PC 17473,DE,1,1,3,0.0,1.0
5,4,0,514,1,female,1,1.0,PC 17603,M,2,2,2,1.0,0.0
3,1,0,515,3,male,0,0.0,349209,M,1,1,3,0.0,1.0
5,4,0,516,1,male,0,0.0,36967,DE,1,1,3,0.0,1.0
4,2,0,517,2,female,0,1.0,C.A. 34260,FG,1,1,2,1.0,0.0
3,3,0,518,3,male,0,0.0,371110,M,1,3,3,0.0,1.0
5,3,0,519,2,female,1,1.0,226875,M,2,2,2,1.0,0.0
4,1,0,520,3,male,0,0.0,349242,M,1,1,3,0.0,1.0
4,4,0,521,1,female,0,1.0,12749,ABC,1,4,2,1.0,0.0
3,1,0,522,3,male,0,0.0,349252,M,1,1,3,0.0,1.0
3,1,0,523,3,male,0,0.0,2624,M,1,1,3,0.0,1.0
5,4,1,524,1,female,0,1.0,111361,ABC,2,2,2,1.0,0.0
3,1,0,525,3,male,0,0.0,2700,M,1,1,3,0.0,1.0
5,1,0,526,3,male,0,0.0,367232,M,1,1,3,0.0,1.0
5,2,0,527,2,female,0,1.0,W./C. 14258,M,1,1,2,1.0,0.0
5,4,0,528,1,male,0,0.0,PC 17483,ABC,1,4,3,0.0,1.0
5,1,0,529,3,male,0,0.0,3101296,M,1,1,3,0.0,1.0
3,2,1,530,2,male,2,0.0,29104,M,4,1,3,0.0,1.0
0,3,1,531,2,female,1,1.0,26360,M,3,3,2,1.0,0.0
3,1,0,532,3,male,0,0.0,2641,M,1,1,3,0.0,1.0
2,1,1,533,3,male,1,0.0,2690,M,3,1,3,0.0,1.0
3,3,2,534,3,female,0,1.0,2668,M,3,3,2,1.0,0.0
4,2,0,535,3,female,0,0.0,315084,M,1,1,2,1.0,0.0
1,3,2,536,2,female,0,1.0,F.C.C. 13529,M,3,3,2,1.0,0.0
5,3,0,537,1,male,0,0.0,113050,ABC,1,1,0,0.0,1.0
4,4,0,538,1,female,0,1.0,PC 17761,M,1,3,2,1.0,0.0
3,2,0,539,3,male,0,0.0,364498,M,1,2,3,0.0,1.0
3,4,2,540,1,female,0,1.0,13568,ABC,3,1,2,1.0,0.0
5,4,2,541,1,female,0,1.0,WE/P 5735,ABC,3,2,2,1.0,0.0
1,4,2,542,3,female,4,0.0,347082,M,7,7,2,1.0,0.0
1,4,2,543,3,female,4,0.0,347082,M,7,7,2,1.0,0.0
4,3,0,544,2,male,1,1.0,2908,M,2,2,3,0.0,1.0
5,4,0,545,1,male,1,0.0,PC 17761,ABC,2,3,3,0.0,1.0
6,3,0,546,1,male,0,0.0,693,M,1,1,3,0.0,1.0
3,3,0,547,2,female,1,1.0,2908,M,2,2,2,1.0,0.0
4,2,0,548,2,male,0,1.0,SC/PARIS 2146,M,1,1,3,0.0,1.0
4,3,1,549,3,male,1,0.0,363291,M,3,3,3,0.0,1.0
1,4,1,550,2,male,1,1.0,C.A. 33112,M,3,4,1,0.0,1.0
2,4,2,551,1,male,0,1.0,17421,ABC,3,4,3,0.0,1.0
4,3,0,552,2,male,0,0.0,244358,M,1,2,3,0.0,1.0
3,1,0,553,3,male,0,0.0,330979,M,1,1,3,0.0,1.0
3,1,0,554,3,male,0,1.0,2620,M,1,1,3,0.0,1.0
3,1,0,555,3,female,0,1.0,347085,M,1,1,2,1.0,0.0
6,3,0,556,1,male,0,0.0,113807,M,1,1,3,0.0,1.0
5,4,0,557,1,female,1,1.0,11755,ABC,2,1,2,1.0,0.0
5,4,0,558,1,male,0,0.0,PC 17757,M,1,5,3,0.0,1.0
5,4,1,559,1,female,1,1.0,110413,DE,3,3,2,1.0,0.0
5,3,0,560,3,female,1,1.0,345572,M,2,2,2,1.0,0.0
3,1,0,561,3,male,0,0.0,372622,M,1,1,3,0.0,1.0
5,1,0,562,3,male,0,0.0,349251,M,1,1,3,0.0,1.0
4,2,0,563,2,male,0,0.0,218629,M,1,1,3,0.0,1.0
3,2,0,564,3,male,0,0.0,SOTON/OQ 392082,M,1,1,3,0.0,1.0
3,2,0,565,3,female,0,0.0,SOTON/O.Q. 392087,M,1,1,2,1.0,0.0
3,3,0,566,3,male,2,0.0,A/4 48871,M,3,3,3,0.0,1.0
3,1,0,567,3,male,0,0.0,349205,M,1,1,3,0.0,1.0
4,3,4,568,3,female,0,0.0,349909,M,5,5,2,1.0,0.0
3,1,0,569,3,male,0,0.0,2686,M,1,1,3,0.0,1.0
4,1,0,570,3,male,0,1.0,350417,M,1,1,3,0.0,1.0
6,2,0,571,2,male,0,1.0,S.W./PP 752,M,1,1,3,0.0,1.0
5,4,0,572,1,female,2,1.0,11769,ABC,3,2,2,1.0,0.0
5,3,0,573,1,male,0,1.0,PC 17474,DE,1,1,3,0.0,1.0
3,1,0,574,3,female,0,1.0,14312,M,1,1,2,1.0,0.0
2,2,0,575,3,male,0,0.0,A/4. 20589,M,1,1,3,0.0,1.0
3,2,0,576,3,male,0,0.0,358585,M,1,2,3,0.0,1.0
4,2,0,577,2,female,0,1.0,243880,M,1,1,2,1.0,0.0
5,4,0,578,1,female,1,1.0,13507,DE,2,2,2,1.0,0.0
3,2,0,579,3,female,1,0.0,2689,M,2,2,2,1.0,0.0
4,1,0,580,3,male,0,1.0,STON/O 2. 3101286,M,1,1,3,0.0,1.0
3,3,1,581,2,female,1,1.0,237789,M,3,2,2,1.0,0.0
5,4,1,582,1,female,1,1.0,17421,ABC,3,4,2,1.0,0.0
5,3,0,583,2,male,0,0.0,28403,M,1,2,3,0.0,1.0
5,4,0,584,1,male,0,0.0,13049,ABC,1,1,3,0.0,1.0
3,2,0,585,3,male,0,0.0,3411,M,1,1,3,0.0,1.0
2,4,2,586,1,female,0,1.0,110413,DE,3,3,2,1.0,0.0
5,2,0,587,2,male,0,0.0,237565,M,1,1,3,0.0,1.0
5,4,1,588,1,male,1,1.0,13567,ABC,3,2,3,0.0,1.0
3,2,0,589,3,male,0,0.0,14973,M,1,1,3,0.0,1.0
3,2,0,590,3,male,0,0.0,A./5. 3235,M,1,1,3,0.0,1.0
4,1,0,591,3,male,0,0.0,STON/O 2. 3101273,M,1,1,3,0.0,1.0
5,4,0,592,1,female,1,1.0,36947,DE,2,2,2,1.0,0.0
5,1,0,593,3,male,0,0.0,A/5 3902,M,1,1,3,0.0,1.0
3,1,2,594,3,female,0,0.0,364848,M,3,1,2,1.0,0.0
5,3,0,595,2,male,1,0.0,SC/AH 29037,M,2,2,3,0.0,1.0
5,3,1,596,3,male,1,0.0,345773,M,3,3,3,0.0,1.0
4,4,0,597,2,female,0,1.0,248727,M,1,3,2,1.0,0.0
5,0,0,598,3,male,0,0.0,LINE,M,1,4,3,0.0,1.0
3,1,0,599,3,male,0,0.0,2664,M,1,1,3,0.0,1.0
5,4,0,600,1,male,1,1.0,PC 17485,ABC,2,2,0,0.0,1.0
3,3,1,601,2,female,2,1.0,243847,M,4,2,2,1.0,0.0
3,1,0,602,3,male,0,0.0,349214,M,1,1,3,0.0,1.0
5,4,0,603,1,male,0,0.0,113796,M,1,2,3,0.0,1.0
5,2,0,604,3,male,0,0.0,364511,M,1,1,3,0.0,1.0
4,3,0,605,1,male,0,1.0,111426,M,1,1,3,0.0,1.0
5,3,0,606,3,male,1,0.0,349910,M,2,2,3,0.0,1.0
4,1,0,607,3,male,0,0.0,349246,M,1,1,3,0.0,1.0
4,3,0,608,1,male,0,1.0,113804,M,1,1,3,0.0,1.0
3,4,2,609,2,female,1,1.0,SC/Paris 2123,M,4,4,2,1.0,0.0
5,4,0,610,1,female,0,1.0,PC 17582,ABC,1,3,2,1.0,0.0
5,4,5,611,3,female,1,0.0,347082,M,7,7,2,1.0,0.0
3,1,0,612,3,male,0,0.0,SOTON/O.Q. 3101305,M,1,1,3,0.0,1.0
3,3,0,613,3,female,1,1.0,367230,M,2,2,2,1.0,0.0
3,1,0,614,3,male,0,0.0,370377,M,1,1,3,0.0,1.0
4,2,0,615,3,male,0,0.0,364512,M,1,1,3,0.0,1.0
3,4,2,616,2,female,1,1.0,220845,M,4,5,2,1.0,0.0
4,2,1,617,3,male,1,0.0,347080,M,3,3,3,0.0,1.0
4,3,0,618,3,female,1,0.0,A/5. 3336,M,2,2,2,1.0,0.0
0,4,1,619,2,female,2,1.0,230136,FG,4,4,2,1.0,0.0
4,2,0,620,2,male,0,0.0,31028,M,1,1,3,0.0,1.0
4,2,0,621,3,male,1,0.0,2659,M,2,2,3,0.0,1.0
5,4,0,622,1,male,1,1.0,11753,DE,2,2,3,0.0,1.0
3,3,1,623,3,male,1,1.0,2653,M,3,3,3,0.0,1.0
3,1,0,624,3,male,0,0.0,350029,M,1,1,3,0.0,1.0
3,3,0,625,3,male,0,0.0,54636,M,1,2,3,0.0,1.0
6,4,0,626,1,male,0,0.0,36963,DE,1,1,3,0.0,1.0
5,2,0,627,2,male,0,0.0,219533,M,1,1,0,0.0,1.0
3,4,0,628,1,female,0,1.0,13502,DE,1,3,2,1.0,0.0
4,1,0,629,3,male,0,0.0,349224,M,1,1,3,0.0,1.0
3,1,0,630,3,male,0,0.0,334912,M,1,1,3,0.0,1.0
6,3,0,631,1,male,0,1.0,27042,ABC,1,1,3,0.0,1.0
5,1,0,632,3,male,0,0.0,347743,M,1,1,3,0.0,1.0
4,3,0,633,1,male,0,1.0,13214,ABC,1,1,0,0.0,1.0
5,0,0,634,1,male,0,0.0,112052,M,1,1,3,0.0,1.0
1,3,2,635,3,female,3,0.0,347088,M,6,6,2,1.0,0.0
4,2,0,636,2,female,0,1.0,237668,M,1,1,2,1.0,0.0
4,1,0,637,3,male,0,0.0,STON/O 2. 3101292,M,1,1,3,0.0,1.0
4,3,1,638,2,male,1,0.0,C.A. 31921,M,3,3,3,0.0,1.0
5,4,5,639,3,female,0,0.0,3101295,M,6,7,2,1.0,0.0
3,3,0,640,3,male,1,0.0,376564,M,2,2,3,0.0,1.0
3,1,0,641,3,male,0,0.0,350050,M,1,1,3,0.0,1.0
3,4,0,642,1,female,0,1.0,PC 17477,ABC,1,2,2,1.0,0.0
0,3,2,643,3,female,3,0.0,347088,M,6,6,2,1.0,0.0
3,4,0,644,3,male,0,1.0,1601,M,1,8,3,0.0,1.0
0,3,1,645,3,female,2,1.0,2666,M,4,4,2,1.0,0.0
5,4,0,646,1,male,1,1.0,PC 17572,DE,2,3,3,0.0,1.0
3,1,0,647,3,male,0,0.0,349231,M,1,1,3,0.0,1.0
5,4,0,648,1,male,0,1.0,13213,ABC,1,1,0,0.0,1.0
3,1,0,649,3,male,0,0.0,S.O./P.P. 751,M,1,1,3,0.0,1.0
3,1,0,650,3,female,0,1.0,CA. 2314,M,1,1,2,1.0,0.0
3,1,0,651,3,male,0,0.0,349221,M,1,1,3,0.0,1.0
2,3,1,652,2,female,0,1.0,231919,M,2,2,2,1.0,0.0
3,2,0,653,3,male,0,0.0,8475,M,1,1,3,0.0,1.0
3,1,0,654,3,female,0,1.0,330919,M,1,1,2,1.0,0.0
2,1,0,655,3,female,0,0.0,365226,M,1,1,2,1.0,0.0
3,4,0,656,2,male,2,0.0,S.O.C. 14879,M,3,7,3,0.0,1.0
3,1,0,657,3,male,0,0.0,349223,M,1,1,3,0.0,1.0
4,3,1,658,3,female,1,0.0,364849,M,3,2,2,1.0,0.0
3,2,0,659,2,male,0,0.0,29751,M,1,1,3,0.0,1.0
5,4,2,660,1,male,0,0.0,35273,DE,3,3,3,0.0,1.0
5,4,0,661,1,male,2,1.0,PC 17611,M,3,2,0,0.0,1.0
5,1,0,662,3,male,0,0.0,2623,M,1,1,3,0.0,1.0
5,3,0,663,1,male,0,0.0,5727,DE,1,1,3,0.0,1.0
5,1,0,664,3,male,0,0.0,349210,M,1,1,3,0.0,1.0
3,1,0,665,3,male,1,1.0,STON/O 2. 3101285,M,2,1,3,0.0,1.0
4,4,0,666,2,male,2,0.0,S.O.C. 14879,M,3,7,3,0.0,1.0
3,2,0,667,2,male,0,0.0,234686,M,1,1,3,0.0,1.0
3,1,0,668,3,male,0,0.0,312993,M,1,1,3,0.0,1.0
5,2,0,669,3,male,0,0.0,A/5 3536,M,1,1,3,0.0,1.0
5,4,0,670,1,female,1,1.0,19996,ABC,2,2,2,1.0,0.0
5,4,1,671,2,female,1,1.0,29750,M,3,3,2,1.0,0.0
4,4,0,672,1,male,1,0.0,F.C. 12750,ABC,2,2,3,0.0,1.0
6,2,0,673,2,male,0,0.0,C.A. 24580,M,1,1,3,0.0,1.0
4,2,0,674,2,male,0,1.0,244270,M,1,1,3,0.0,1.0
4,0,0,675,2,male,0,0.0,239856,M,1,1,3,0.0,1.0
2,1,0,676,3,male,0,0.0,349912,M,1,1,3,0.0,1.0
3,2,0,677,3,male,0,0.0,342826,M,1,1,3,0.0,1.0
2,2,0,678,3,female,0,1.0,4138,M,1,1,2,1.0,0.0
5,4,6,679,3,female,1,0.0,CA 2144,M,8,8,2,1.0,0.0
5,4,1,680,1,male,0,1.0,PC 17755,ABC,2,4,3,0.0,1.0
3,2,0,681,3,female,0,0.0,330935,M,1,1,2,1.0,0.0
4,4,0,682,1,male,0,1.0,PC 17572,DE,1,3,3,0.0,1.0
3,2,0,683,3,male,0,0.0,6563,M,1,1,3,0.0,1.0
2,4,2,684,3,male,5,0.0,CA 2144,M,8,8,3,0.0,1.0
5,4,1,685,2,male,1,0.0,29750,M,3,3,3,0.0,1.0
3,4,2,686,2,male,1,0.0,SC/Paris 2123,M,4,4,3,0.0,1.0
2,4,1,687,3,male,4,0.0,3101295,M,6,7,3,0.0,1.0
3,2,0,688,3,male,0,0.0,349228,M,1,1,3,0.0,1.0
2,1,0,689,3,male,0,0.0,350036,M,1,1,3,0.0,1.0
2,4,1,690,1,female,0,1.0,24160,ABC,2,4,2,1.0,0.0
4,4,0,691,1,male,1,1.0,17474,ABC,2,2,3,0.0,1.0
0,2,1,692,3,female,0,1.0,349256,M,2,2,2,1.0,0.0
3,4,0,693,3,male,0,1.0,1601,M,1,8,3,0.0,1.0
3,1,0,694,3,male,0,0.0,2672,M,1,1,3,0.0,1.0
5,3,0,695,1,male,0,0.0,113800,M,1,1,0,0.0,1.0
5,2,0,696,2,male,0,0.0,248731,M,1,1,3,0.0,1.0
5,2,0,697,3,male,0,0.0,363592,M,1,1,3,0.0,1.0
3,1,0,698,3,female,0,1.0,35852,M,1,1,2,1.0,0.0
5,4,1,699,1,male,1,0.0,17421,ABC,3,4,3,0.0,1.0
5,1,0,700,3,male,0,0.0,348121,FG,1,1,3,0.0,1.0
2,4,0,701,1,female,1,1.0,PC 17757,ABC,2,5,2,1.0,0.0
4,3,0,702,1,male,0,1.0,PC 17475,DE,1,1,3,0.0,1.0
2,2,1,703,3,female,0,0.0,2691,M,2,2,2,1.0,0.0
3,1,0,704,3,male,0,0.0,36864,M,1,1,3,0.0,1.0
4,1,0,705,3,male,1,0.0,350025,M,2,1,3,0.0,1.0
5,3,0,706,2,male,0,0.0,250655,M,1,2,3,0.0,1.0
5,2,0,707,2,female,0,1.0,223596,M,1,1,2,1.0,0.0
5,3,0,708,1,male,0,1.0,PC 17476,DE,1,1,3,0.0,1.0
3,4,0,709,1,female,0,1.0,113781,M,1,6,2,1.0,0.0
3,3,1,710,3,male,1,1.0,2661,M,3,3,1,0.0,1.0
3,4,0,711,1,female,0,1.0,PC 17482,ABC,1,1,2,1.0,0.0
5,3,0,712,1,male,0,0.0,113028,ABC,1,1,3,0.0,1.0
5,4,0,713,1,male,1,1.0,19996,ABC,2,2,3,0.0,1.0
4,2,0,714,3,male,0,0.0,7545,M,1,1,3,0.0,1.0
5,2,0,715,2,male,0,0.0,250647,M,1,2,3,0.0,1.0
3,1,0,716,3,male,0,0.0,348124,FG,1,1,3,0.0,1.0
5,4,0,717,1,female,0,1.0,PC 17757,ABC,1,5,2,1.0,0.0
4,2,0,718,2,female,0,1.0,34218,DE,1,1,2,1.0,0.0
3,3,0,719,3,male,0,0.0,36568,M,1,2,3,0.0,1.0
4,1,0,720,3,male,0,0.0,347062,M,1,1,3,0.0,1.0
1,4,1,721,2,female,0,1.0,248727,M,2,3,2,1.0,0.0
2,1,0,722,3,male,1,0.0,350048,M,2,1,3,0.0,1.0
4,2,0,723,2,male,0,0.0,12233,M,1,1,3,0.0,1.0
5,2,0,724,2,male,0,0.0,250643,M,1,1,3,0.0,1.0
4,4,0,725,1,male,1,1.0,113806,DE,2,2,3,0.0,1.0
3,2,0,726,3,male,0,0.0,315094,M,1,1,3,0.0,1.0
4,3,0,727,2,female,3,1.0,31027,M,4,2,2,1.0,0.0
3,1,0,728,3,female,0,1.0,36866,M,1,1,2,1.0,0.0
3,3,0,729,2,male,1,0.0,236853,M,2,2,3,0.0,1.0
3,1,0,730,3,female,1,0.0,STON/O2. 3101271,M,2,1,2,1.0,0.0
4,4,0,731,1,female,0,1.0,24160,ABC,1,4,2,1.0,0.0
1,3,0,732,3,male,0,0.0,2699,M,1,2,3,0.0,1.0
4,0,0,733,2,male,0,0.0,239855,M,1,1,3,0.0,1.0
3,2,0,734,2,male,0,0.0,28425,M,1,1,3,0.0,1.0
3,2,0,735,2,male,0,0.0,233639,M,1,1,3,0.0,1.0
4,3,0,736,3,male,0,0.0,54636,M,1,2,3,0.0,1.0
5,4,3,737,3,female,1,0.0,W./C. 6608,M,5,5,2,1.0,0.0
4,4,0,738,1,male,0,1.0,PC 17755,ABC,1,4,3,0.0,1.0
3,1,0,739,3,male,0,0.0,349201,M,1,1,3,0.0,1.0
3,1,0,740,3,male,0,0.0,349218,M,1,1,3,0.0,1.0
5,3,0,741,1,male,0,1.0,16988,DE,1,1,3,0.0,1.0
5,4,0,742,1,male,1,0.0,19877,ABC,2,3,3,0.0,1.0
3,4,2,743,1,female,2,1.0,PC 17608,ABC,5,7,2,1.0,0.0
3,3,0,744,3,male,1,0.0,376566,M,2,2,3,0.0,1.0
4,1,0,745,3,male,0,1.0,STON/O 2. 3101288,M,1,1,3,0.0,1.0
6,4,1,746,1,male,1,0.0,WE/P 5735,ABC,3,2,0,0.0,1.0
2,3,1,747,3,male,1,0.0,C.A. 2673,M,3,3,3,0.0,1.0
4,2,0,748,2,female,0,1.0,250648,M,1,1,2,1.0,0.0
3,4,0,749,1,male,1,0.0,113773,DE,2,2,3,0.0,1.0
4,1,0,750,3,male,0,0.0,335097,M,1,1,3,0.0,1.0
0,3,1,751,2,female,1,1.0,29103,M,3,3,2,1.0,0.0
1,2,1,752,3,male,0,1.0,392096,DE,2,2,1,0.0,1.0
4,2,0,753,3,male,0,0.0,345780,M,1,1,3,0.0,1.0
3,1,0,754,3,male,0,0.0,349204,M,1,1,3,0.0,1.0
5,4,2,755,2,female,1,1.0,220845,M,4,5,2,1.0,0.0
0,2,1,756,2,male,1,1.0,250649,M,3,2,1,0.0,1.0
4,1,0,757,3,male,0,0.0,350042,M,1,1,3,0.0,1.0
2,2,0,758,2,male,0,0.0,29108,M,1,1,3,0.0,1.0
4,2,0,759,3,male,0,0.0,363294,M,1,1,3,0.0,1.0
4,4,0,760,1,female,0,1.0,110152,ABC,1,3,2,1.0,0.0
3,2,0,761,3,male,0,0.0,358585,M,1,2,3,0.0,1.0
5,1,0,762,3,male,0,0.0,SOTON/O2 3101272,M,1,1,3,0.0,1.0
3,1,0,763,3,male,0,1.0,2663,M,1,1,3,0.0,1.0
5,4,2,764,1,female,1,1.0,113760,ABC,4,4,2,1.0,0.0
2,1,0,765,3,male,0,0.0,347074,M,1,1,3,0.0,1.0
5,4,0,766,1,female,1,1.0,13502,DE,2,3,2,1.0,0.0
5,4,0,767,1,male,0,0.0,112379,M,1,1,0,0.0,1.0
4,1,0,768,3,female,0,0.0,364850,M,1,1,2,1.0,0.0
3,3,0,769,3,male,1,0.0,371110,M,2,3,3,0.0,1.0
4,2,0,770,3,male,0,0.0,8471,M,1,1,3,0.0,1.0
3,2,0,771,3,male,0,0.0,345781,M,1,1,3,0.0,1.0
5,1,0,772,3,male,0,0.0,350047,M,1,1,3,0.0,1.0
5,2,0,773,2,female,0,0.0,S.O./P.P. 3,DE,1,2,2,1.0,0.0
3,1,0,774,3,male,0,0.0,2674,M,1,1,3,0.0,1.0
5,3,3,775,2,female,1,1.0,29105,M,5,2,2,1.0,0.0
2,1,0,776,3,male,0,0.0,347078,M,1,1,3,0.0,1.0
3,1,0,777,3,male,0,0.0,383121,FG,1,1,3,0.0,1.0
0,2,0,778,3,female,0,1.0,364516,M,1,2,2,1.0,0.0
3,1,0,779,3,male,0,0.0,36865,M,1,1,3,0.0,1.0
5,4,1,780,1,female,0,1.0,24160,ABC,2,4,2,1.0,0.0
2,1,0,781,3,female,0,1.0,2687,M,1,1,2,1.0,0.0
2,4,0,782,1,female,1,1.0,17474,ABC,2,2,2,1.0,0.0
4,3,0,783,1,male,0,0.0,113501,DE,1,1,3,0.0,1.0
3,3,2,784,3,male,1,0.0,W./C. 6607,M,4,4,3,0.0,1.0
3,1,0,785,3,male,0,0.0,SOTON/O.Q. 3101312,M,1,1,3,0.0,1.0
3,1,0,786,3,male,0,0.0,374887,M,1,1,3,0.0,1.0
2,1,0,787,3,female,0,1.0,3101265,M,1,1,2,1.0,0.0
1,3,1,788,3,male,4,0.0,382652,M,6,6,1,0.0,1.0
0,3,2,789,3,male,1,1.0,C.A. 2315,M,4,4,1,0.0,1.0
5,4,0,790,1,male,0,0.0,PC 17593,ABC,1,2,3,0.0,1.0
3,1,0,791,3,male,0,0.0,12460,M,1,1,3,0.0,1.0
2,3,0,792,2,male,0,0.0,239865,M,1,2,3,0.0,1.0
3,4,2,793,3,female,8,0.0,CA. 2343,M,11,11,2,1.0,0.0
5,3,0,794,1,male,0,0.0,PC 17600,M,1,1,3,0.0,1.0
3,1,0,795,3,male,0,0.0,349203,M,1,1,3,0.0,1.0
5,2,0,796,2,male,0,0.0,28213,M,1,1,3,0.0,1.0
5,3,0,797,1,female,0,1.0,17465,DE,1,1,0,1.0,0.0
4,2,0,798,3,female,0,1.0,349244,M,1,1,2,1.0,0.0
4,1,0,799,3,male,0,0.0,2685,M,1,1,3,0.0,1.0
4,3,1,800,3,female,1,0.0,345773,M,3,3,2,1.0,0.0
4,2,0,801,2,male,0,0.0,250647,M,1,2,3,0.0,1.0
4,3,1,802,2,female,1,1.0,C.A. 31921,M,3,3,2,1.0,0.0
1,4,2,803,1,male,1,1.0,113760,ABC,4,4,1,0.0,1.0
0,2,1,804,3,male,0,1.0,2625,M,2,2,1,0.0,1.0
4,1,0,805,3,male,0,1.0,347089,M,1,1,3,0.0,1.0
4,1,0,806,3,male,0,0.0,347063,M,1,1,3,0.0,1.0
5,0,0,807,1,male,0,0.0,112050,ABC,1,1,3,0.0,1.0
2,1,0,808,3,female,0,0.0,347087,M,1,1,2,1.0,0.0
5,2,0,809,2,male,0,0.0,248723,M,1,1,3,0.0,1.0
4,4,0,810,1,female,1,1.0,113806,DE,2,2,2,1.0,0.0
4,1,0,811,3,male,0,0.0,3474,M,1,1,3,0.0,1.0
5,3,0,812,3,male,0,0.0,A/4 48871,M,1,3,3,0.0,1.0
4,2,0,813,2,male,0,0.0,28206,M,1,1,3,0.0,1.0
1,4,2,814,3,female,4,0.0,347082,M,7,7,2,1.0,0.0
4,2,0,815,3,male,0,0.0,364499,M,1,1,3,0.0,1.0
5,0,0,816,1,male,0,0.0,112058,ABC,1,2,3,0.0,1.0
3,1,0,817,3,female,0,0.0,STON/O2. 3101290,M,1,1,2,1.0,0.0
4,4,1,818,2,male,1,0.0,S.C./PARIS 2079,M,3,3,3,0.0,1.0
5,1,0,819,3,male,0,0.0,C 7075,M,1,1,3,0.0,1.0
1,3,2,820,3,male,3,0.0,347088,M,6,6,1,0.0,1.0
5,4,1,821,1,female,1,1.0,12749,ABC,3,4,2,1.0,0.0
4,2,0,822,3,male,0,1.0,315098,M,1,1,3,0.0,1.0
5,0,0,823,1,male,0,0.0,19972,M,1,1,0,0.0,1.0
4,2,1,824,3,female,0,1.0,392096,DE,2,2,2,1.0,0.0
0,4,1,825,3,male,4,0.0,3101295,M,6,7,1,0.0,1.0
3,1,0,826,3,male,0,0.0,368323,M,1,1,3,0.0,1.0
3,4,0,827,3,male,0,0.0,1601,M,1,8,3,0.0,1.0
0,4,2,828,2,male,0,1.0,S.C./PARIS 2079,M,3,3,1,0.0,1.0
3,1,0,829,3,male,0,1.0,367228,M,1,1,3,0.0,1.0
6,4,0,830,1,female,0,1.0,113572,ABC,1,2,2,1.0,0.0
2,2,0,831,3,female,1,1.0,2659,M,2,2,2,1.0,0.0
0,3,1,832,2,male,1,1.0,29106,M,3,3,1,0.0,1.0
3,1,0,833,3,male,0,0.0,2671,M,1,1,3,0.0,1.0
3,1,0,834,3,male,0,0.0,347468,M,1,1,3,0.0,1.0
2,2,0,835,3,male,0,0.0,2223,M,1,1,3,0.0,1.0
5,4,1,836,1,female,1,1.0,PC 17756,DE,3,3,2,1.0,0.0
3,2,0,837,3,male,0,0.0,315097,M,1,1,3,0.0,1.0
3,2,0,838,3,male,0,0.0,392092,M,1,1,3,0.0,1.0
4,4,0,839,3,male,0,1.0,1601,M,1,8,3,0.0,1.0
5,3,0,840,1,male,0,1.0,11774,ABC,1,1,3,0.0,1.0
3,1,0,841,3,male,0,0.0,SOTON/O2 3101287,M,1,1,3,0.0,1.0
2,2,0,842,2,male,0,0.0,S.O./P.P. 3,M,1,2,3,0.0,1.0
4,3,0,843,1,female,0,1.0,113798,M,1,2,2,1.0,0.0
4,1,0,844,3,male,0,0.0,2683,M,1,1,3,0.0,1.0
2,2,0,845,3,male,0,0.0,315090,M,1,1,3,0.0,1.0
5,1,0,846,3,male,0,0.0,C.A. 5547,M,1,1,3,0.0,1.0
3,4,2,847,3,male,8,0.0,CA. 2343,M,11,11,3,0.0,1.0
4,1,0,848,3,male,0,0.0,349213,M,1,1,3,0.0,1.0
4,4,1,849,2,male,0,0.0,248727,M,2,3,0,0.0,1.0
5,4,0,850,1,female,1,1.0,17453,ABC,2,2,2,1.0,0.0
0,4,2,851,3,male,4,0.0,347082,M,7,7,1,0.0,1.0
6,1,0,852,3,male,0,0.0,347060,M,1,1,3,0.0,1.0
1,3,1,853,3,female,1,0.0,2678,M,3,3,2,1.0,0.0
2,4,1,854,1,female,0,1.0,PC 17592,DE,2,2,2,1.0,0.0
5,3,0,855,2,female,1,0.0,244252,M,2,2,2,1.0,0.0
2,2,1,856,3,female,0,1.0,392091,M,2,2,2,1.0,0.0
5,4,1,857,1,female,1,1.0,36928,M,3,4,2,1.0,0.0
5,3,0,858,1,male,0,1.0,113055,DE,1,1,3,0.0,1.0
3,3,3,859,3,female,0,1.0,2666,M,4,4,2,1.0,0.0
3,1,0,860,3,male,0,0.0,2629,M,1,1,3,0.0,1.0
5,2,0,861,3,male,2,0.0,350026,M,3,2,3,0.0,1.0
3,2,0,862,2,male,1,0.0,28134,M,2,1,3,0.0,1.0
5,3,0,863,1,female,0,1.0,17466,DE,1,1,2,1.0,0.0
3,4,2,864,3,female,8,0.0,CA. 2343,M,11,11,2,1.0,0.0
3,2,0,865,2,male,0,0.0,233866,M,1,1,3,0.0,1.0
5,2,0,866,2,female,0,1.0,236852,M,1,1,2,1.0,0.0
4,2,0,867,2,female,1,1.0,SC/PARIS 2149,M,2,1,2,1.0,0.0
4,4,0,868,1,male,0,0.0,PC 17590,ABC,1,1,3,0.0,1.0
3,2,0,869,3,male,0,0.0,345777,M,1,1,3,0.0,1.0
0,2,1,870,3,male,1,1.0,347742,M,3,3,1,0.0,1.0
4,1,0,871,3,male,0,0.0,349248,M,1,1,3,0.0,1.0
5,4,1,872,1,female,1,1.0,11751,DE,3,2,2,1.0,0.0
4,1,0,873,1,male,0,0.0,695,ABC,1,1,3,0.0,1.0
5,2,0,874,3,male,0,0.0,345765,M,1,1,3,0.0,1.0
4,3,0,875,2,female,1,1.0,P/PP 3381,M,2,2,2,1.0,0.0
2,1,0,876,3,female,0,1.0,2667,M,1,1,2,1.0,0.0
3,2,0,877,3,male,0,0.0,7534,M,1,2,3,0.0,1.0
3,1,0,878,3,male,0,0.0,349212,M,1,1,3,0.0,1.0
3,1,0,879,3,male,0,0.0,349217,M,1,1,3,0.0,1.0
5,4,1,880,1,female,0,1.0,11767,ABC,2,3,2,1.0,0.0
3,3,1,881,2,female,0,1.0,230433,M,2,2,2,1.0,0.0
4,1,0,882,3,male,0,0.0,349257,M,1,1,3,0.0,1.0
3,2,0,883,3,female,0,0.0,7552,M,1,1,2,1.0,0.0
4,2,0,884,2,male,0,0.0,C.A./SOTON 34068,M,1,1,3,0.0,1.0
3,1,0,885,3,male,0,0.0,SOTON/OQ 392076,M,1,1,3,0.0,1.0
5,3,5,886,3,female,0,0.0,382652,M,6,6,2,1.0,0.0
4,2,0,887,2,male,0,0.0,211536,M,1,1,0,0.0,1.0
3,3,0,888,1,female,0,1.0,112053,ABC,1,1,2,1.0,0.0
3,3,2,889,3,female,1,0.0,W./C. 6607,M,4,4,2,1.0,0.0
4,3,0,890,1,male,0,1.0,111369,ABC,1,1,3,0.0,1.0
4,1,0,891,3,male,0,0.0,370376,M,1,1,3,0.0,1.0
4,1,0,892,3,male,0,,330911,M,1,1,3,0.0,1.0
5,1,0,893,3,female,1,,363272,M,2,1,2,1.0,0.0
6,2,0,894,2,male,0,,240276,M,1,1,3,0.0,1.0
4,2,0,895,3,male,0,,315154,M,1,1,3,0.0,1.0
3,2,1,896,3,female,1,,3101298,M,3,2,2,1.0,0.0
2,2,0,897,3,male,0,,7538,M,1,1,3,0.0,1.0
4,1,0,898,3,female,0,,330972,M,1,1,2,1.0,0.0
4,3,1,899,2,male,1,,248738,M,3,3,3,0.0,1.0
2,1,0,900,3,female,0,,2657,M,1,1,2,1.0,0.0
3,3,0,901,3,male,2,,A/4 48871,M,3,3,3,0.0,1.0
3,1,0,902,3,male,0,,349220,M,1,1,3,0.0,1.0
5,3,0,903,1,male,0,,694,M,1,1,3,0.0,1.0
3,4,0,904,1,female,1,,21228,ABC,2,2,2,1.0,0.0
6,3,0,905,2,male,1,,24065,M,2,2,3,0.0,1.0
5,4,0,906,1,female,1,,W.E.P. 5734,DE,2,2,2,1.0,0.0
3,3,0,907,2,female,1,,SC/PARIS 2167,M,2,2,2,1.0,0.0
4,2,0,908,2,male,0,,233734,M,1,1,3,0.0,1.0
3,1,0,909,3,male,0,,2692,M,1,1,3,0.0,1.0
4,1,0,910,3,female,1,,STON/O2. 3101270,M,2,1,2,1.0,0.0
5,1,0,911,3,female,0,,2696,M,1,1,2,1.0,0.0
5,4,0,912,1,male,1,,PC 17603,M,2,2,3,0.0,1.0
1,1,1,913,3,male,0,,C 17368,M,2,1,1,0.0,1.0
5,4,0,914,1,female,0,,PC 17598,M,1,1,2,1.0,0.0
3,4,1,915,1,male,0,,PC 17597,M,2,2,3,0.0,1.0
5,4,3,916,1,female,1,,PC 17608,ABC,5,7,2,1.0,0.0
5,2,0,917,3,male,1,,A/5. 3337,M,2,2,3,0.0,1.0
3,4,1,918,1,female,0,,113509,ABC,2,2,2,1.0,0.0
3,1,0,919,3,male,0,,2698,M,1,1,3,0.0,1.0
5,3,0,920,1,male,0,,113054,ABC,1,1,3,0.0,1.0
3,3,0,921,3,male,2,,2662,M,3,3,3,0.0,1.0
5,3,0,922,2,male,1,,SC/AH 3085,M,2,2,3,0.0,1.0
3,4,0,923,2,male,2,,C.A. 31029,M,3,3,3,0.0,1.0
4,3,2,924,3,female,1,,C.A. 2315,M,4,4,2,1.0,0.0
3,3,2,925,3,female,1,,W./C. 6607,M,4,4,2,1.0,0.0
4,4,0,926,1,male,1,,13236,ABC,2,2,3,0.0,1.0
3,1,0,927,3,male,0,,2682,M,1,1,3,0.0,1.0
3,2,0,928,3,female,0,,342712,M,1,1,2,1.0,0.0
3,2,0,929,3,female,0,,315087,M,1,1,2,1.0,0.0
3,2,0,930,3,male,0,,345768,M,1,1,3,0.0,1.0
3,4,0,931,3,male,0,,1601,M,1,8,3,0.0,1.0
5,2,1,932,3,male,0,,349256,M,2,2,3,0.0,1.0
5,3,0,933,1,male,0,,113778,DE,1,1,3,0.0,1.0
5,1,0,934,3,male,0,,SOTON/O.Q. 3101263,M,1,1,3,0.0,1.0
4,2,0,935,2,female,0,,237249,M,1,1,2,1.0,0.0
5,4,0,936,1,female,1,,11753,DE,2,2,2,1.0,0.0
3,1,0,937,3,male,0,,STON/O 2. 3101291,M,1,1,3,0.0,1.0
5,3,0,938,1,male,0,,PC 17594,ABC,1,1,3,0.0,1.0
3,1,0,939,3,male,0,,370374,M,1,1,3,0.0,1.0
5,4,0,940,1,female,0,,11813,DE,1,2,2,1.0,0.0
5,3,2,941,3,female,0,,C.A. 37671,M,3,3,2,1.0,0.0
3,4,0,942,1,male,1,,13695,ABC,2,2,3,0.0,1.0
4,3,0,943,2,male,0,,SC/PARIS 2168,M,1,1,3,0.0,1.0
3,3,1,944,2,female,2,,29105,M,4,2,2,1.0,0.0
4,4,2,945,1,female,3,,19950,ABC,6,6,2,1.0,0.0
4,3,0,946,2,male,0,,SC/A.3 2861,M,1,1,3,0.0,1.0
1,3,1,947,3,male,4,,382652,M,6,6,1,0.0,1.0
4,1,0,948,3,male,0,,349230,M,1,1,3,0.0,1.0
3,1,0,949,3,male,0,,348122,FG,1,1,3,0.0,1.0
3,3,0,950,3,male,1,,386525,M,2,2,3,0.0,1.0
5,4,0,951,1,female,0,,PC 17608,ABC,1,7,2,1.0,0.0
2,1,0,952,3,male,0,,349232,M,1,1,3,0.0,1.0
4,2,0,953,2,male,0,,237216,M,1,1,3,0.0,1.0
2,1,0,954,3,male,0,,347090,M,1,1,3,0.0,1.0
3,1,0,955,3,female,0,,334914,M,1,1,2,1.0,0.0
2,4,2,956,1,male,2,,PC 17608,ABC,5,7,1,0.0,1.0
4,3,0,957,2,female,0,,F.C.C. 13534,M,1,2,2,1.0,0.0
2,1,0,958,3,female,0,,330963,M,1,1,2,1.0,0.0
5,4,0,959,1,male,0,,113796,M,1,2,3,0.0,1.0
4,3,0,960,1,male,0,,2543,ABC,1,1,3,0.0,1.0
5,4,4,961,1,female,1,,19950,ABC,6,6,2,1.0,0.0
3,1,0,962,3,female,0,,382653,M,1,1,2,1.0,0.0
3,1,0,963,3,male,0,,349211,M,1,1,3,0.0,1.0
4,1,0,964,3,female,0,,3101297,M,1,1,2,1.0,0.0
4,3,0,965,1,male,0,,PC 17562,DE,1,1,3,0.0,1.0
4,4,0,966,1,female,0,,113503,ABC,1,5,2,1.0,0.0
4,4,0,967,1,male,0,,113503,ABC,1,5,3,0.0,1.0
3,2,0,968,3,male,0,,359306,M,1,1,3,0.0,1.0
5,3,0,969,1,female,2,,11770,ABC,3,1,2,1.0,0.0
4,2,0,970,2,male,0,,248744,M,1,1,3,0.0,1.0
3,1,0,971,3,female,0,,368702,M,1,1,2,1.0,0.0
1,3,1,972,3,male,1,,2678,M,3,3,1,0.0,1.0
6,4,0,973,1,male,1,,PC 17483,ABC,2,4,3,0.0,1.0
5,3,0,974,1,male,0,,19924,M,1,1,3,0.0,1.0
3,1,0,975,3,male,0,,349238,M,1,1,3,0.0,1.0
4,2,0,976,2,male,0,,240261,M,1,1,3,0.0,1.0
3,2,0,977,3,male,1,,2660,M,2,2,3,0.0,1.0
4,1,0,978,3,female,0,,330844,M,1,1,2,1.0,0.0
2,2,0,979,3,female,0,,A/4 31416,M,1,1,2,1.0,0.0
3,1,0,980,3,female,0,,364856,M,1,1,2,1.0,0.0
0,3,1,981,2,male,1,,29103,M,3,3,1,0.0,1.0
3,2,0,982,3,female,1,,347072,M,2,2,2,1.0,0.0
3,1,0,983,3,male,0,,345498,M,1,1,3,0.0,1.0
4,4,2,984,1,female,1,,F.C. 12750,ABC,4,2,2,1.0,0.0
3,2,0,985,3,male,0,,376563,M,1,1,3,0.0,1.0
3,3,0,986,1,male,0,,13905,M,1,1,3,0.0,1.0
3,1,0,987,3,male,0,,350033,M,1,1,3,0.0,1.0
6,4,0,988,1,female,1,,19877,ABC,2,3,2,1.0,0.0
4,1,0,989,3,male,0,,STON/O 2. 3101268,M,1,1,3,0.0,1.0
3,1,0,990,3,female,0,,347471,M,1,1,2,1.0,0.0
4,2,0,991,3,male,0,,A./5. 3338,M,1,1,3,0.0,1.0
5,4,0,992,1,female,1,,11778,ABC,2,2,2,1.0,0.0
4,3,0,993,2,male,1,,228414,M,2,2,3,0.0,1.0
3,1,0,994,3,male,0,,365235,M,1,1,3,0.0,1.0
4,1,0,995,3,male,0,,347070,M,1,1,3,0.0,1.0
2,2,1,996,3,female,1,,2625,M,3,2,2,1.0,0.0
4,3,0,997,3,male,0,,C 4001,M,1,3,3,0.0,1.0
3,1,0,998,3,male,0,,330920,M,1,1,3,0.0,1.0
3,1,0,999,3,male,0,,383162,M,1,1,3,0.0,1.0
3,2,0,1000,3,male,0,,3410,M,1,1,3,0.0,1.0
3,2,0,1001,2,male,0,,248734,FG,1,1,3,0.0,1.0
5,3,0,1002,2,male,0,,237734,M,1,1,3,0.0,1.0
3,1,0,1003,3,female,0,,330968,M,1,1,2,1.0,0.0
5,4,0,1004,1,female,0,,PC 17531,ABC,1,1,2,1.0,0.0
3,1,0,1005,3,female,0,,329944,M,1,1,2,1.0,0.0
6,4,0,1006,1,female,1,,PC 17483,ABC,2,4,2,1.0,0.0
2,2,0,1007,3,male,1,,2680,M,2,2,3,0.0,1.0
3,1,0,1008,3,male,0,,2681,M,1,1,3,0.0,1.0
0,3,1,1009,3,female,1,,PP 9549,FG,3,3,2,1.0,0.0
5,4,0,1010,1,male,0,,13050,ABC,1,2,3,0.0,1.0
4,3,0,1011,2,female,1,,SC/AH 29037,M,2,2,2,1.0,0.0
1,3,0,1012,2,female,0,,C.A. 33595,M,1,2,2,1.0,0.0
3,1,0,1013,3,male,1,,367227,M,2,1,3,0.0,1.0
4,4,0,1014,1,female,1,,13236,ABC,2,2,2,1.0,0.0
4,1,0,1015,3,male,0,,392095,M,1,1,3,0.0,1.0
3,1,0,1016,3,male,0,,368783,M,1,1,3,0.0,1.0
2,3,1,1017,3,female,0,,371362,M,2,2,2,1.0,0.0
3,1,0,1018,3,male,0,,350045,M,1,1,3,0.0,1.0
3,3,0,1019,3,female,2,,367226,M,3,3,2,1.0,0.0
5,2,0,1020,2,male,0,,211535,M,1,1,3,0.0,1.0
3,2,0,1021,3,male,0,,342441,M,1,1,3,0.0,1.0
4,2,0,1022,3,male,0,,STON/OQ. 369943,M,1,1,3,0.0,1.0
5,3,0,1023,1,male,0,,113780,ABC,1,1,0,0.0,1.0
3,3,4,1024,3,female,0,,4133,M,5,5,2,1.0,0.0
3,1,0,1025,3,male,1,,2621,M,2,1,3,0.0,1.0
5,1,0,1026,3,male,0,,349226,M,1,1,3,0.0,1.0
3,1,0,1027,3,male,0,,350409,M,1,1,3,0.0,1.0
4,1,0,1028,3,male,0,,2656,M,1,1,3,0.0,1.0
4,2,0,1029,2,male,0,,248659,M,1,1,3,0.0,1.0
3,2,0,1030,3,female,0,,SOTON/OQ 392083,M,1,1,2,1.0,0.0
5,4,6,1031,3,male,1,,CA 2144,M,8,8,3,0.0,1.0
1,4,2,1032,3,female,5,,CA 2144,M,8,8,2,1.0,0.0
4,4,0,1033,1,female,0,,113781,M,1,6,2,1.0,0.0
6,4,3,1034,1,male,1,,PC 17608,ABC,5,7,3,0.0,1.0
4,3,0,1035,2,male,0,,244358,M,1,2,3,0.0,1.0
5,3,0,1036,1,male,0,,17475,M,1,1,3,0.0,1.0
4,3,0,1037,3,male,3,,345763,M,4,2,3,0.0,1.0
5,4,0,1038,1,male,0,,17463,DE,1,2,3,0.0,1.0
3,2,0,1039,3,male,0,,SC/A4 23568,M,1,1,3,0.0,1.0
5,3,0,1040,1,male,0,,113791,M,1,1,3,0.0,1.0
4,3,1,1041,2,male,1,,250651,M,3,2,0,0.0,1.0
3,4,1,1042,1,female,0,,11767,ABC,2,3,2,1.0,0.0
3,1,0,1043,3,male,0,,349255,M,1,1,3,0.0,1.0
6,1,0,1044,3,male,0,,3701,M,1,1,3,0.0,1.0
5,2,2,1045,3,female,0,,350405,M,3,2,2,1.0,0.0
2,4,2,1046,3,male,4,,347077,M,7,7,1,0.0,1.0
3,1,0,1047,3,male,0,,S.O./P.P. 752,M,1,1,3,0.0,1.0
4,4,0,1048,1,female,0,,PC 17483,ABC,1,4,2,1.0,0.0
3,1,0,1049,3,female,0,,347469,M,1,1,2,1.0,0.0
5,3,0,1050,1,male,0,,110489,DE,1,1,3,0.0,1.0
4,2,2,1051,3,female,0,,SOTON/O.Q. 3101315,M,3,3,2,1.0,0.0
3,1,0,1052,3,female,0,,335432,M,1,1,2,1.0,0.0
1,3,1,1053,3,male,1,,2650,M,3,3,1,0.0,1.0
4,2,0,1054,2,female,0,,220844,M,1,1,2,1.0,0.0
3,1,0,1055,3,male,0,,343271,M,1,1,3,0.0,1.0
5,2,0,1056,2,male,0,,237393,M,1,1,0,0.0,1.0
4,3,1,1057,3,female,1,,315153,M,3,3,2,1.0,0.0
5,4,0,1058,1,male,0,,PC 17591,ABC,1,1,3,0.0,1.0
2,4,2,1059,3,male,2,,W./C. 6608,M,5,5,3,0.0,1.0
5,3,0,1060,1,female,0,,17770,M,1,1,2,1.0,0.0
3,2,0,1061,3,female,0,,7548,M,1,1,2,1.0,0.0
3,1,0,1062,3,male,0,,S.O./P.P. 251,M,1,1,3,0.0,1.0
4,1,0,1063,3,male,0,,2670,M,1,1,3,0.0,1.0
3,2,0,1064,3,male,1,,347072,M,2,2,3,0.0,1.0
3,1,0,1065,3,male,0,,2673,M,1,1,3,0.0,1.0
5,4,5,1066,3,male,1,,347077,M,7,7,3,0.0,1.0
2,4,2,1067,2,female,0,,29750,M,3,3,2,1.0,0.0
3,4,0,1068,2,female,0,,C.A. 33112,M,1,4,2,1.0,0.0
5,4,0,1069,1,male,1,,11778,ABC,2,2,3,0.0,1.0
5,4,3,1070,2,female,0,,230136,FG,4,4,2,1.0,0.0
6,4,2,1071,1,female,0,,PC 17756,DE,3,3,2,1.0,0.0
4,2,0,1072,2,male,0,,233478,M,1,1,3,0.0,1.0
5,4,1,1073,1,male,1,,PC 17756,DE,3,3,3,0.0,1.0
2,4,0,1074,1,female,1,,113773,DE,2,2,2,1.0,0.0
3,1,0,1075,3,male,0,,7935,M,1,1,3,0.0,1.0
4,4,1,1076,1,female,1,,PC 17558,ABC,3,3,2,1.0,0.0
5,3,0,1077,2,male,0,,239059,M,1,1,3,0.0,1.0
3,3,1,1078,2,female,0,,S.O./P.P. 2,M,2,2,2,1.0,0.0
2,2,0,1079,3,male,2,,A/4 48873,M,3,1,3,0.0,1.0
3,4,2,1080,3,female,8,,CA. 2343,M,11,11,2,1.0,0.0
5,2,0,1081,2,male,0,,28221,M,1,1,3,0.0,1.0
4,3,0,1082,2,male,1,,226875,M,2,2,3,0.0,1.0
5,3,0,1083,1,male,0,,111163,M,1,1,3,0.0,1.0
1,2,1,1084,3,male,1,,A/5. 851,M,3,3,1,0.0,1.0
6,2,0,1085,2,male,0,,235509,M,1,1,3,0.0,1.0
1,4,2,1086,2,male,0,,28220,M,3,3,1,0.0,1.0
4,1,0,1087,3,male,0,,347465,M,1,1,3,0.0,1.0
1,4,2,1088,1,male,0,,16966,DE,3,5,1,0.0,1.0
2,1,0,1089,3,female,0,,347066,M,1,1,2,1.0,0.0
3,2,0,1090,2,male,0,,C.A. 31030,M,1,1,3,0.0,1.0
3,2,0,1091,3,female,0,,65305,M,1,1,2,1.0,0.0
3,3,0,1092,3,female,0,,36568,M,1,2,2,1.0,0.0
0,2,2,1093,3,male,0,,347080,M,3,3,1,0.0,1.0
5,4,0,1094,1,male,1,,PC 17757,ABC,2,5,0,0.0,1.0
1,3,1,1095,2,female,1,,26360,M,3,3,2,1.0,0.0
3,2,0,1096,2,male,0,,C.A. 34050,M,1,1,3,0.0,1.0
5,3,0,1097,1,male,0,,F.C. 12998,M,1,1,3,0.0,1.0
4,1,0,1098,3,female,0,,9232,M,1,1,2,1.0,0.0
3,2,0,1099,2,male,0,,28034,M,1,1,3,0.0,1.0
4,3,0,1100,1,female,0,,PC 17613,ABC,1,1,2,1.0,0.0
3,1,0,1101,3,male,0,,349250,M,1,1,3,0.0,1.0
4,3,0,1102,3,male,0,,C 4001,M,1,3,3,0.0,1.0
3,1,0,1103,3,male,0,,SOTON/O.Q. 3101308,M,1,1,3,0.0,1.0
2,4,0,1104,2,male,0,,S.O.C. 14879,M,1,7,3,0.0,1.0
5,3,0,1105,2,female,1,,24065,M,2,2,2,1.0,0.0
5,1,2,1106,3,female,4,,347091,M,7,1,2,1.0,0.0
5,4,0,1107,1,male,0,,113038,ABC,1,1,3,0.0,1.0
3,1,0,1108,3,female,0,,330924,M,1,1,2,1.0,0.0
5,4,1,1109,1,male,1,,36928,M,3,4,3,0.0,1.0
5,4,1,1110,1,female,1,,113503,ABC,3,5,2,1.0,0.0
3,2,0,1111,3,male,0,,32302,M,1,1,3,0.0,1.0
4,2,0,1112,2,female,1,,SC/PARIS 2148,M,2,1,2,1.0,0.0
3,2,0,1113,3,male,0,,342684,M,1,1,3,0.0,1.0
3,2,0,1114,2,female,0,,W./C. 14266,FG,1,1,2,1.0,0.0
3,1,0,1115,3,male,0,,350053,M,1,1,3,0.0,1.0
5,3,0,1116,1,female,0,,PC 17606,M,1,1,2,1.0,0.0
3,3,2,1117,3,female,0,,2661,M,3,3,2,1.0,0.0
3,1,0,1118,3,male,0,,350054,M,1,1,3,0.0,1.0
3,1,0,1119,3,female,0,,370368,M,1,1,2,1.0,0.0
5,3,0,1120,3,male,0,,C.A. 6212,M,1,2,3,0.0,1.0
5,2,0,1121,2,male,0,,242963,M,1,1,3,0.0,1.0
2,4,0,1122,2,male,0,,220845,M,1,5,3,0.0,1.0
3,3,0,1123,1,female,0,,113795,M,1,1,2,1.0,0.0
3,1,0,1124,3,male,1,,3101266,M,2,1,3,0.0,1.0
3,1,0,1125,3,male,0,,330971,M,1,1,3,0.0,1.0
5,4,0,1126,1,male,1,,PC 17599,ABC,2,2,3,0.0,1.0
3,1,0,1127,3,male,0,,350416,M,1,1,3,0.0,1.0
6,4,0,1128,1,male,1,,110813,DE,2,2,3,0.0,1.0
3,1,0,1129,3,male,0,,2679,M,1,1,3,0.0,1.0
2,2,1,1130,2,female,1,,250650,M,3,1,2,1.0,0.0
5,4,0,1131,1,female,1,,PC 17761,ABC,2,3,2,1.0,0.0
5,3,0,1132,1,female,0,,112377,M,1,1,2,1.0,0.0
5,3,2,1133,2,female,0,,237789,M,3,2,2,1.0,0.0
5,4,1,1134,1,male,1,,16966,DE,3,5,3,0.0,1.0
3,1,0,1135,3,male,0,,3470,M,1,1,3,0.0,1.0
3,3,2,1136,3,male,1,,W./C. 6607,M,4,4,1,0.0,1.0
5,4,0,1137,1,male,1,,17464,DE,2,2,3,0.0,1.0
3,3,0,1138,2,female,0,,F.C.C. 13534,M,1,2,2,1.0,0.0
5,4,1,1139,2,male,1,,28220,M,3,3,3,0.0,1.0
4,3,0,1140,2,female,1,,26707,M,2,2,2,1.0,0.0
3,2,0,1141,3,female,1,,2660,M,2,2,2,1.0,0.0
0,3,2,1142,2,female,1,,C.A. 34651,M,4,4,2,1.0,0.0
3,1,0,1143,3,male,0,,SOTON/O2 3101284,M,1,1,3,0.0,1.0
4,4,0,1144,1,male,1,,13508,ABC,2,2,3,0.0,1.0
3,2,0,1145,3,male,0,,7266,M,1,1,3,0.0,1.0
4,2,0,1146,3,male,0,,345775,M,1,1,3,0.0,1.0
3,1,0,1147,3,male,0,,C.A. 42795,M,1,1,3,0.0,1.0
3,1,0,1148,3,male,0,,AQ/4 3130,M,1,1,3,0.0,1.0
4,2,0,1149,3,male,0,,363611,M,1,1,3,0.0,1.0
3,2,0,1150,2,female,0,,28404,M,1,1,2,1.0,0.0
3,1,0,1151,3,male,0,,345501,M,1,1,3,0.0,1.0
5,3,0,1152,3,male,1,,345572,M,2,2,3,0.0,1.0
3,1,0,1153,3,male,0,,350410,M,1,1,3,0.0,1.0
4,3,2,1154,2,female,0,,29103,M,3,3,2,1.0,0.0
0,2,1,1155,3,female,1,,350405,M,3,2,2,1.0,0.0
4,2,0,1156,2,male,0,,C.A. 34644,M,1,1,3,0.0,1.0
3,1,0,1157,3,male,0,,349235,M,1,1,3,0.0,1.0
5,0,0,1158,1,male,0,,112051,M,1,1,3,0.0,1.0
3,1,0,1159,3,male,0,,C.A. 49867,M,1,1,3,0.0,1.0
3,2,0,1160,3,female,0,,A. 2. 39186,M,1,1,2,1.0,0.0
2,2,0,1161,3,male,0,,315095,M,1,1,3,0.0,1.0
5,4,0,1162,1,male,0,,13050,ABC,1,2,3,0.0,1.0
3,1,0,1163,3,male,0,,368573,M,1,1,3,0.0,1.0
4,4,0,1164,1,female,1,,13508,ABC,2,2,2,1.0,0.0
3,3,0,1165,3,female,1,,370371,M,2,2,2,1.0,0.0
3,1,0,1166,3,male,0,,2676,M,1,1,3,0.0,1.0
3,3,0,1167,2,female,1,,236853,M,2,2,2,1.0,0.0
4,2,0,1168,2,male,0,,SC 14888,M,1,1,3,0.0,1.0
5,3,0,1169,2,male,1,,2926,M,2,2,3,0.0,1.0
4,3,0,1170,2,male,1,,CA 31352,M,2,2,3,0.0,1.0
3,2,0,1171,2,male,0,,W./C. 14260,M,1,1,3,0.0,1.0
3,2,0,1172,3,female,0,,315085,M,1,1,2,1.0,0.0
0,2,1,1173,3,male,1,,SOTON/O.Q. 3101315,M,3,3,1,0.0,1.0
3,1,0,1174,3,female,0,,364859,M,1,1,2,1.0,0.0
1,3,1,1175,3,female,1,,2650,M,3,3,2,1.0,0.0
0,3,1,1176,3,female,1,,370129,M,3,3,2,1.0,0.0
5,1,0,1177,3,male,0,,A/5 21175,M,1,1,3,0.0,1.0
3,1,0,1178,3,male,0,,SOTON/O.Q. 3101314,M,1,1,3,0.0,1.0
3,4,0,1179,1,male,1,,21228,ABC,2,2,3,0.0,1.0
3,1,0,1180,3,male,0,,2655,FG,1,1,3,0.0,1.0
3,2,0,1181,3,male,0,,A/5 1478,M,1,1,3,0.0,1.0
5,4,0,1182,1,male,0,,PC 17607,M,1,1,3,0.0,1.0
4,1,0,1183,3,female,0,,382650,M,1,1,2,1.0,0.0
3,1,0,1184,3,male,0,,2652,M,1,1,3,0.0,1.0
5,4,1,1185,1,male,1,,33638,ABC,3,3,0,0.0,1.0
5,2,0,1186,3,male,0,,345771,M,1,1,3,0.0,1.0
4,1,0,1187,3,male,0,,349202,M,1,1,3,0.0,1.0
0,4,2,1188,2,female,1,,SC/Paris 2123,M,4,4,2,1.0,0.0
3,3,0,1189,3,male,2,,2662,M,3,3,3,0.0,1.0
4,4,0,1190,1,male,0,,113801,M,1,1,3,0.0,1.0
4,1,0,1191,3,male,0,,347467,M,1,1,3,0.0,1.0
4,1,0,1192,3,male,0,,347079,M,1,1,3,0.0,1.0
4,3,0,1193,2,male,0,,237735,DE,1,1,3,0.0,1.0
5,3,1,1194,2,male,0,,S.O./P.P. 2,M,2,2,3,0.0,1.0
3,2,0,1195,3,male,0,,315092,M,1,1,3,0.0,1.0
3,1,0,1196,3,female,0,,383123,M,1,1,2,1.0,0.0
6,3,1,1197,1,female,1,,112901,ABC,3,1,2,1.0,0.0
4,4,2,1198,1,male,1,,113781,ABC,4,6,3,0.0,1.0
0,2,1,1199,3,male,0,,392091,M,2,2,1,0.0,1.0
5,4,1,1200,1,male,1,,12749,ABC,3,4,3,0.0,1.0
5,2,0,1201,3,female,1,,350026,M,2,2,2,1.0,0.0
2,2,0,1202,3,male,0,,315091,M,1,1,3,0.0,1.0
3,1,0,1203,3,male,0,,2658,M,1,1,3,0.0,1.0
3,1,0,1204,3,male,0,,LP 1588,M,1,1,3,0.0,1.0
5,1,0,1205,3,female,0,,368364,M,1,1,2,1.0,0.0
5,4,0,1206,1,female,0,,PC 17760,ABC,1,4,2,1.0,0.0
2,1,0,1207,3,female,0,,AQ/3. 30631,M,1,1,2,1.0,0.0
5,4,0,1208,1,male,1,,PC 17569,ABC,2,3,3,0.0,1.0
3,2,0,1209,2,male,0,,28004,M,1,1,3,0.0,1.0
4,1,0,1210,3,male,0,,350408,M,1,1,3,0.0,1.0
3,4,0,1211,2,male,2,,C.A. 31029,M,3,3,3,0.0,1.0
4,1,0,1212,3,male,0,,347075,M,1,1,3,0.0,1.0
3,1,0,1213,3,male,0,,2654,FG,1,1,3,0.0,1.0
4,2,0,1214,2,male,0,,244368,FG,1,1,3,0.0,1.0
4,3,0,1215,1,male,0,,113790,M,1,1,3,0.0,1.0
5,4,0,1216,1,female,0,,24160,M,1,4,2,1.0,0.0
3,1,0,1217,3,male,0,,SOTON/O.Q. 3101309,M,1,1,3,0.0,1.0
1,4,1,1218,2,female,2,,230136,FG,4,4,2,1.0,0.0
5,4,0,1219,1,male,0,,PC 17585,M,1,2,3,0.0,1.0
4,3,0,1220,2,male,1,,2003,M,2,2,3,0.0,1.0
3,2,0,1221,2,male,0,,236854,M,1,1,3,0.0,1.0
5,4,2,1222,2,female,0,,C.A. 33112,M,3,4,2,1.0,0.0
5,3,0,1223,1,male,0,,PC 17580,ABC,1,1,3,0.0,1.0
3,1,0,1224,3,male,0,,2684,M,1,1,3,0.0,1.0
3,3,1,1225,3,female,1,,2653,M,3,3,2,1.0,0.0
4,1,0,1226,3,male,0,,349229,M,1,1,3,0.0,1.0
4,3,0,1227,1,male,0,,110469,ABC,1,1,3,0.0,1.0
4,2,0,1228,2,male,0,,244360,M,1,1,3,0.0,1.0
5,1,2,1229,3,male,0,,2675,M,3,1,3,0.0,1.0
3,4,0,1230,2,male,0,,C.A. 31029,M,1,3,3,0.0,1.0
3,1,0,1231,3,male,0,,2622,M,1,1,1,0.0,1.0
2,2,0,1232,2,male,0,,C.A. 15185,M,1,1,3,0.0,1.0
4,1,0,1233,3,male,0,,350403,M,1,1,3,0.0,1.0
3,4,9,1234,3,male,1,,CA. 2343,M,11,11,3,0.0,1.0
5,4,1,1235,1,female,0,,PC 17755,ABC,2,4,2,1.0,0.0
3,2,1,1236,3,male,1,,A/5. 851,M,3,3,1,0.0,1.0
2,1,0,1237,3,female,0,,348125,M,1,1,2,1.0,0.0
4,2,0,1238,2,male,0,,237670,M,1,1,3,0.0,1.0
5,1,0,1239,3,female,0,,2688,M,1,1,2,1.0,0.0
3,2,0,1240,2,male,0,,248726,M,1,1,3,0.0,1.0
4,3,0,1241,2,female,0,,F.C.C. 13528,M,1,2,2,1.0,0.0
5,4,1,1242,1,female,0,,PC 17759,DE,2,2,2,1.0,0.0
3,2,0,1243,2,male,0,,F.C.C. 13540,M,1,1,3,0.0,1.0
2,4,0,1244,2,male,0,,S.O.C. 14879,M,1,7,3,0.0,1.0
5,4,2,1245,2,male,1,,220845,M,4,5,3,0.0,1.0
0,3,2,1246,3,female,1,,C.A. 2315,M,4,4,2,1.0,0.0
5,3,0,1247,1,male,0,,113044,DE,1,1,3,0.0,1.0
5,4,0,1248,1,female,2,,11769,ABC,3,2,2,1.0,0.0
3,1,0,1249,3,male,0,,1222,M,1,1,3,0.0,1.0
3,1,0,1250,3,male,0,,368402,M,1,1,3,0.0,1.0
4,3,0,1251,3,female,1,,349910,M,2,2,2,1.0,0.0
2,4,2,1252,3,male,8,,CA. 2343,M,11,11,1,0.0,1.0
3,4,1,1253,2,female,1,,S.C./PARIS 2079,M,3,3,2,1.0,0.0
4,3,0,1254,2,female,0,,CA 31352,M,1,2,2,1.0,0.0
4,2,0,1255,3,male,0,,315083,M,1,1,3,0.0,1.0
3,4,0,1256,1,female,1,,11765,DE,2,2,2,1.0,0.0
3,4,9,1257,3,female,1,,CA. 2343,M,11,11,2,1.0,0.0
3,2,0,1258,3,male,1,,2689,M,2,2,3,0.0,1.0
3,4,0,1259,3,female,0,,3101295,M,1,7,2,1.0,0.0
5,4,1,1260,1,female,0,,112378,M,2,2,2,1.0,0.0
4,2,0,1261,2,male,0,,SC/PARIS 2147,M,1,1,3,0.0,1.0
3,2,0,1262,2,male,1,,28133,M,2,1,3,0.0,1.0
4,4,0,1263,1,female,0,,16966,DE,1,5,2,1.0,0.0
5,0,0,1264,1,male,0,,112058,ABC,1,2,3,0.0,1.0
5,2,0,1265,2,male,0,,248746,M,1,1,3,0.0,1.0
5,4,1,1266,1,female,1,,33638,ABC,3,3,2,1.0,0.0
5,4,0,1267,1,female,0,,PC 17608,M,1,7,2,1.0,0.0
3,2,0,1268,3,female,2,,315152,M,3,1,2,1.0,0.0
3,2,0,1269,2,male,0,,29107,M,1,1,3,0.0,1.0
5,4,0,1270,1,male,0,,680,ABC,1,1,3,0.0,1.0
0,4,2,1271,3,male,4,,347077,M,7,7,1,0.0,1.0
3,1,0,1272,3,male,0,,366713,M,1,1,3,0.0,1.0
4,1,0,1273,3,male,0,,330910,M,1,1,3,0.0,1.0
3,2,0,1274,3,female,0,,364498,M,1,2,2,1.0,0.0
3,3,0,1275,3,female,1,,376566,M,2,2,2,1.0,0.0
4,2,0,1276,2,male,0,,SC/PARIS 2159,M,1,1,3,0.0,1.0
3,4,2,1277,2,female,1,,220845,M,4,5,2,1.0,0.0
3,1,0,1278,3,male,0,,349911,M,1,1,3,0.0,1.0
5,2,0,1279,2,male,0,,244346,M,1,1,3,0.0,1.0
3,1,0,1280,3,male,0,,364858,M,1,1,3,0.0,1.0
1,3,1,1281,3,male,3,,349909,M,5,5,1,0.0,1.0
3,4,0,1282,1,male,0,,12749,ABC,1,4,3,0.0,1.0
5,4,1,1283,1,female,0,,PC 17592,DE,2,2,2,1.0,0.0
2,3,2,1284,3,male,0,,C.A. 2673,M,3,3,1,0.0,1.0
5,2,0,1285,2,male,0,,C.A. 30769,M,1,1,3,0.0,1.0
4,3,1,1286,3,male,3,,315153,M,5,3,3,0.0,1.0
2,4,0,1287,1,female,1,,13695,ABC,2,2,2,1.0,0.0
3,1,0,1288,3,male,0,,371109,M,1,1,3,0.0,1.0
5,4,1,1289,1,female,1,,13567,ABC,3,2,2,1.0,0.0
3,1,0,1290,3,male,0,,347065,M,1,1,3,0.0,1.0
4,1,0,1291,3,male,0,,21332,M,1,1,3,0.0,1.0
4,4,0,1292,1,female,0,,36928,ABC,1,4,2,1.0,0.0
5,3,0,1293,2,male,1,,28664,M,2,2,3,0.0,1.0
3,4,1,1294,1,female,0,,112378,M,2,2,2,1.0,0.0
2,4,0,1295,1,male,0,,113059,M,1,2,3,0.0,1.0
5,3,0,1296,1,male,1,,17765,DE,2,1,3,0.0,1.0
3,2,0,1297,2,male,0,,SC/PARIS 2166,DE,1,1,3,0.0,1.0
3,2,0,1298,2,male,1,,28666,M,2,1,3,0.0,1.0
5,4,1,1299,1,male,1,,113503,ABC,3,5,3,0.0,1.0
3,1,0,1300,3,female,0,,334915,M,1,1,2,1.0,0.0
0,2,1,1301,3,female,1,,SOTON/O.Q. 3101315,M,3,3,2,1.0,0.0
3,1,0,1302,3,female,0,,365237,M,1,1,2,1.0,0.0
5,4,0,1303,1,female,1,,19928,ABC,2,3,2,1.0,0.0
4,1,0,1304,3,female,0,,347086,M,1,1,2,1.0,0.0
3,2,0,1305,3,male,0,,A.5. 3236,M,1,1,3,0.0,1.0
5,4,0,1306,1,female,0,,PC 17758,ABC,1,3,2,1.0,0.0
5,1,0,1307,3,male,0,,SOTON/O.Q. 3101262,M,1,1,3,0.0,1.0
3,2,0,1308,3,male,0,,359309,M,1,1,3,0.0,1.0
3,3,1,1309,3,male,1,,2668,M,3,3,1,0.0,1.0
