Age,Fare,Parch,PassengerId,Pclass,Sex,SibSp,Survived,Deck
4,0,0,1,3,1,1,0.0,M
0,3,0,2,1,0,1,1.0,ABC
6,0,0,3,3,0,0,1.0,M
6,3,0,4,1,0,1,1.0,ABC
6,1,0,5,3,1,0,0.0,M
4,1,0,6,3,1,0,0.0,M
0,3,0,7,1,1,0,0.0,DE
1,2,1,8,3,1,3,0.0,M
6,1,2,9,3,0,0,1.0,M
5,2,0,10,2,0,1,1.0,M
1,2,1,11,3,0,1,1.0,FG
0,2,0,12,1,0,0,1.0,ABC
4,1,0,13,3,1,0,0.0,M
0,3,5,14,3,1,1,0.0,M
5,0,0,15,3,0,0,0.0,M
0,2,0,16,2,0,0,1.0,M
1,2,1,17,3,1,4,0.0,M
6,1,0,18,2,1,0,1.0,M
6,2,0,19,3,0,1,0.0,M
4,0,0,20,3,0,0,1.0,M
6,2,0,21,2,1,0,0.0,M
6,1,0,22,2,1,0,1.0,DE
5,1,0,23,3,0,0,1.0,M
6,3,0,24,1,1,0,1.0,ABC
2,2,1,25,3,0,3,0.0,M
0,3,5,26,3,0,1,1.0,M
4,0,0,27,3,1,0,0.0,M
4,3,2,28,1,1,3,0.0,ABC
4,0,0,29,3,0,0,1.0,M
4,0,0,30,3,1,0,0.0,M
0,2,0,31,1,1,0,0.0,M
0,3,0,32,1,0,1,1.0,ABC
4,0,0,33,3,0,0,1.0,M
3,1,0,34,2,1,0,0.0,M
6,3,0,35,1,1,1,0.0,M
0,3,0,36,1,1,1,0.0,M
4,0,0,37,3,1,0,1.0,M
4,1,0,38,3,1,0,0.0,M
5,2,0,39,3,0,2,0.0,M
5,1,0,40,3,0,1,1.0,M
0,1,0,41,3,0,1,0.0,M
6,2,0,42,2,0,1,0.0,M
4,0,0,43,3,1,0,0.0,M
1,3,2,44,2,0,1,1.0,M
4,0,0,45,3,0,0,1.0,M
4,1,0,46,3,1,0,0.0,M
4,2,0,47,3,1,1,0.0,M
4,0,0,48,3,0,0,1.0,M
4,2,0,49,3,1,2,0.0,M
5,2,0,50,3,0,1,0.0,M
2,3,1,51,3,1,4,0.0,M
4,0,0,52,3,1,0,0.0,M
0,3,0,53,1,0,1,1.0,DE
6,2,0,54,2,0,1,1.0,M
3,3,1,55,1,1,0,0.0,ABC
0,3,0,56,1,1,0,1.0,ABC
4,1,0,57,2,0,0,1.0,M
6,0,0,58,3,1,0,0.0,M
1,2,2,59,2,0,1,1.0,M
2,3,2,60,3,1,5,0.0,M
4,0,0,61,3,1,0,0.0,M
0,3,0,62,1,0,0,1.0,ABC
0,3,0,63,1,1,1,0.0,ABC
1,2,2,64,3,1,3,0.0,M
0,2,0,65,1,1,0,0.0,M
4,2,1,66,3,1,1,1.0,M
6,1,0,67,2,0,0,1.0,FG
4,1,0,68,3,1,0,0.0,M
5,0,2,69,3,0,4,1.0,M
6,1,0,70,3,1,2,0.0,M
6,1,0,71,2,1,0,0.0,M
5,3,2,72,3,0,5,0.0,M
4,3,0,73,2,1,0,0.0,M
6,1,0,74,3,1,1,0.0,M
6,3,0,75,3,1,0,1.0,M
4,0,0,76,3,1,0,0.0,FG
4,0,0,77,3,1,0,0.0,M
4,1,0,78,3,1,0,0.0,M
1,2,2,79,2,1,0,1.0,M
6,1,0,80,3,0,0,1.0,M
4,1,0,81,3,1,0,0.0,M
6,1,0,82,3,1,0,1.0,M
4,0,0,83,3,0,0,1.0,M
6,3,0,84,1,1,0,0.0,M
5,1,0,85,2,0,0,1.0,M
6,2,0,86,3,0,3,1.0,M
5,3,3,87,3,1,1,0.0,M
4,1,0,88,3,1,0,0.0,M
4,3,2,89,1,0,3,1.0,ABC
4,1,0,90,3,1,0,0.0,M
6,1,0,91,3,1,0,0.0,M
4,0,0,92,3,1,0,0.0,M
0,3,0,93,1,1,1,0.0,DE
6,2,2,94,3,1,1,0.0,M
0,0,0,95,3,1,0,0.0,M
4,1,0,96,3,1,0,0.0,M
3,3,0,97,1,1,0,0.0,ABC
4,3,1,98,1,1,0,1.0,DE
6,2,1,99,2,0,0,1.0,M
6,2,0,100,2,1,1,0.0,M
6,0,0,101,3,0,0,0.0,M
4,0,0,102,3,1,0,0.0,M
4,3,1,103,1,1,0,0.0,DE
6,1,0,104,3,1,0,0.0,M
0,0,0,105,3,1,2,0.0,M
6,0,0,106,3,1,0,0.0,M
4,0,0,107,3,0,0,1.0,M
4,0,0,108,3,1,0,1.0,M
0,0,0,109,3,1,0,0.0,M
4,2,0,110,3,0,1,1.0,M
0,3,0,111,1,1,0,0.0,ABC
5,1,0,112,3,0,1,0.0,M
4,1,0,113,3,1,0,0.0,M
4,1,0,114,3,0,1,0.0,M
5,1,0,115,3,0,0,0.0,M
4,0,0,116,3,1,0,0.0,M
3,0,0,117,3,1,0,0.0,M
6,2,0,118,2,1,1,0.0,M
4,3,1,119,1,1,0,0.0,ABC
1,3,2,120,3,0,4,0.0,M
4,3,0,121,2,1,2,0.0,M
4,1,0,122,3,1,0,0.0,M
6,2,0,123,2,1,1,0.0,M
6,1,0,124,2,0,0,1.0,DE
0,3,1,125,1,1,0,0.0,DE
2,1,0,126,3,1,1,1.0,M
4,0,0,127,3,1,0,0.0,M
4,0,0,128,3,1,0,1.0,M
4,2,1,129,3,0,1,1.0,FG
0,0,0,130,3,1,0,0.0,M
6,0,0,131,3,1,0,0.0,M
4,0,0,132,3,1,0,0.0,M
0,1,0,133,3,0,1,0.0,M
6,2,0,134,2,0,1,1.0,M
4,1,0,135,2,1,0,0.0,M
4,2,0,136,2,1,0,0.0,M
4,2,2,137,1,0,0,1.0,DE
0,3,0,138,1,1,1,0.0,ABC
5,1,0,139,3,1,0,0.0,M
4,3,0,140,1,1,0,0.0,ABC
4,2,2,141,3,0,0,0.0,M
4,0,0,142,3,0,0,1.0,M
4,2,0,143,3,0,1,1.0,M
4,0,0,144,3,1,0,0.0,M
5,1,0,145,2,1,0,0.0,M
4,3,1,146,2,1,1,0.0,M
6,0,0,147,3,1,0,1.0,M
2,3,2,148,3,0,2,0.0,M
0,2,2,149,2,1,0,0.0,FG
0,1,0,150,2,1,0,0.0,M
0,1,0,151,2,1,0,0.0,M
4,3,0,152,1,0,1,1.0,ABC
0,1,0,153,3,1,0,0.0,M
0,1,2,154,3,1,0,0.0,M
4,0,0,155,3,1,0,0.0,M
0,3,1,156,1,1,0,0.0,M
5,0,0,157,3,0,0,1.0,M
6,1,0,158,3,1,0,0.0,M
4,1,0,159,3,1,0,0.0,M
4,3,2,160,3,1,8,0.0,M
0,2,1,161,3,1,0,0.0,M
0,2,0,162,2,0,0,1.0,M
6,0,0,163,3,1,0,0.0,M
5,1,0,164,3,1,0,0.0,M
1,3,1,165,3,1,4,0.0,M
2,2,2,166,3,1,0,1.0,M
0,3,1,167,1,0,0,1.0,DE
0,2,4,168,3,0,1,0.0,M
0,2,0,169,1,1,0,0.0,M
6,3,0,170,3,1,0,0.0,M
3,3,0,171,1,1,0,0.0,ABC
1,2,1,172,3,1,4,0.0,M
1,1,1,173,3,0,1,1.0,M
4,0,0,174,3,1,0,0.0,M
0,2,0,175,1,1,0,0.0,ABC
5,0,1,176,3,1,1,0.0,M
4,2,1,177,3,1,3,0.0,M
0,2,0,178,1,0,0,0.0,ABC
6,1,0,179,2,1,0,0.0,M
0,4,0,180,3,1,0,0.0,M
4,3,2,181,3,0,8,0.0,M
6,2,0,182,2,1,0,0.0,M
2,3,2,183,3,1,4,0.0,M
1,3,1,184,2,1,2,1.0,FG
1,2,2,185,3,0,0,1.0,M
0,3,0,186,1,1,0,0.0,ABC
4,2,0,187,3,0,1,1.0,M
0,2,0,188,1,1,0,1.0,M
0,2,1,189,3,1,1,0.0,M
0,0,0,190,3,1,0,0.0,M
6,1,0,191,2,0,0,1.0,M
4,1,0,192,2,1,0,0.0,M
4,0,0,193,3,0,1,1.0,M
1,2,1,194,2,1,1,1.0,FG
0,2,0,195,1,0,0,1.0,ABC
0,3,0,196,1,0,0,1.0,ABC
4,0,0,197,3,1,0,0.0,M
0,1,1,198,3,1,0,0.0,M
4,0,0,199,3,0,0,1.0,M
4,1,0,200,2,0,0,0.0,M
6,1,0,201,3,1,0,0.0,M
4,3,2,202,3,1,8,0.0,M
6,0,0,203,3,1,0,0.0,M
0,0,0,204,3,1,0,0.0,M
5,1,0,205,3,1,0,1.0,M
1,1,1,206,3,0,0,0.0,FG
6,2,0,207,3,1,1,0.0,M
6,2,0,208,3,1,0,1.0,M
5,0,0,209,3,0,0,1.0,M
0,2,0,210,1,1,0,1.0,ABC
4,0,0,211,3,1,0,0.0,M
6,2,0,212,2,0,0,1.0,M
4,0,0,213,3,1,0,0.0,M
6,1,0,214,2,1,0,0.0,M
4,0,0,215,3,1,1,0.0,M
6,3,0,216,1,0,1,1.0,DE
6,0,0,217,3,0,0,1.0,M
0,2,0,218,2,1,1,0.0,M
6,3,0,219,1,0,0,1.0,DE
6,1,0,220,2,1,0,0.0,M
5,1,0,221,3,1,0,1.0,M
6,1,0,222,2,1,0,0.0,M
0,1,0,223,3,1,0,0.0,M
4,0,0,224,3,1,0,0.0,M
0,3,0,225,1,1,1,1.0,ABC
4,1,0,226,3,1,0,0.0,M
4,1,0,227,2,1,0,1.0,M
4,0,0,228,3,1,0,0.0,M
5,1,0,229,2,1,0,0.0,M
4,2,1,230,3,0,3,0.0,M
6,3,0,231,1,0,1,1.0,ABC
6,0,0,232,3,1,0,0.0,M
0,1,0,233,2,1,0,0.0,M
1,3,2,234,3,0,4,1.0,M
4,1,0,235,2,1,0,0.0,M
4,0,0,236,3,0,0,0.0,M
0,2,0,237,2,1,1,0.0,M
2,2,2,238,2,0,0,1.0,M
4,1,0,239,2,1,0,0.0,M
6,1,0,240,2,1,0,0.0,M
4,1,0,241,3,0,1,0.0,M
4,2,0,242,3,0,1,1.0,M
6,1,0,243,2,1,0,0.0,M
4,0,0,244,3,1,0,0.0,M
6,0,0,245,3,1,0,0.0,M
0,3,0,246,1,1,2,0.0,ABC
4,0,0,247,3,0,0,0.0,M
4,1,2,248,2,0,0,1.0,M
0,3,1,249,1,1,1,1.0,DE
0,2,0,250,2,1,1,0.0,M
4,0,0,251,3,1,0,0.0,M
6,1,1,252,3,0,1,0.0,FG
3,2,0,253,1,1,0,0.0,ABC
6,2,0,254,3,1,1,0.0,M
0,2,2,255,3,0,0,0.0,M
6,2,2,256,3,0,0,1.0,M
0,3,0,257,1,0,0,1.0,M
6,3,0,258,1,0,0,1.0,ABC
6,3,0,259,1,0,0,1.0,M
0,2,1,260,2,0,0,1.0,M
4,0,0,261,3,1,0,0.0,M
1,3,2,262,3,1,4,1.0,M
0,3,1,263,1,1,1,0.0,DE
0,4,0,264,1,1,0,0.0,ABC
4,0,0,265,3,0,0,0.0,M
0,1,0,266,2,1,0,0.0,M
5,3,1,267,3,1,4,0.0,M
4,0,0,268,3,1,1,1.0,M
0,3,1,269,1,0,0,1.0,ABC
6,3,0,270,1,0,0,1.0,ABC
0,2,0,271,1,1,0,0.0,M
4,4,0,272,3,1,0,1.0,M
0,2,1,273,2,0,0,1.0,M
0,2,1,274,1,1,0,0.0,ABC
4,0,0,275,3,0,0,1.0,M
3,3,0,276,1,0,1,1.0,DE
0,0,0,277,3,0,0,0.0,M
6,4,0,278,2,1,0,0.0,M
2,2,1,279,3,1,4,0.0,M
6,2,1,280,3,0,1,1.0,M
3,0,0,281,3,1,0,0.0,M
6,0,0,282,3,1,0,0.0,M
5,1,0,283,3,1,0,0.0,M
4,1,0,284,3,1,0,1.0,M
0,2,0,285,1,1,0,0.0,ABC
6,1,0,286,3,1,0,0.0,M
6,1,0,287,3,1,0,1.0,M
4,0,0,288,3,1,0,0.0,M
0,1,0,289,2,1,0,1.0,M
4,0,0,290,3,0,0,1.0,M
6,3,0,291,1,0,0,1.0,M
4,3,0,292,1,0,1,1.0,ABC
0,1,0,293,2,1,0,0.0,DE
4,1,0,294,3,0,0,0.0,M
4,0,0,295,3,1,0,0.0,M
0,2,0,296,1,1,0,0.0,M
4,0,0,297,3,1,0,0.0,M
1,3,2,298,1,0,1,0.0,ABC
0,2,0,299,1,1,0,1.0,ABC
0,3,1,300,1,0,0,1.0,ABC
4,0,0,301,3,0,0,1.0,M
4,2,0,302,3,1,2,1.0,M
4,4,0,303,3,1,0,0.0,M
6,1,0,304,2,0,0,1.0,DE
4,1,0,305,3,1,0,0.0,M
1,3,2,306,1,1,1,1.0,ABC
0,3,0,307,1,0,0,1.0,M
5,3,0,308,1,0,1,1.0,ABC
6,2,0,309,2,1,1,0.0,M
6,3,0,310,1,0,0,1.0,DE
4,3,0,311,1,0,0,1.0,ABC
5,3,2,312,1,0,2,1.0,ABC
6,2,1,313,2,0,1,0.0,M
6,0,0,314,3,1,0,0.0,M
0,2,1,315,2,1,1,0.0,M
6,0,0,316,3,0,0,1.0,M
4,2,0,317,2,0,1,1.0,M
0,1,0,318,2,1,0,0.0,M
6,3,2,319,1,0,0,1.0,ABC
0,3,1,320,1,0,1,1.0,DE
4,0,0,321,3,1,0,0.0,M
6,0,0,322,3,1,0,0.0,M
6,1,0,323,2,0,0,1.0,M
4,2,1,324,2,0,1,1.0,M
4,3,2,325,3,1,8,0.0,M
0,3,0,326,1,0,0,1.0,ABC
3,0,0,327,3,1,0,0.0,M
0,1,0,328,2,0,0,1.0,DE
6,2,1,329,3,0,1,1.0,M
5,3,1,330,1,0,0,1.0,ABC
4,2,0,331,3,0,2,1.0,M
0,2,0,332,1,1,0,0.0,ABC
0,3,1,333,1,1,0,0.0,ABC
5,2,0,334,3,1,2,0.0,M
0,3,0,335,1,0,1,1.0,M
4,0,0,336,3,1,0,0.0,M
6,3,0,337,1,1,1,0.0,ABC
0,3,0,338,1,0,0,1.0,DE
0,1,0,339,3,1,0,1.0,M
0,3,0,340,1,1,0,0.0,ABC
1,2,1,341,2,1,1,1.0,FG
4,3,2,342,1,0,3,1.0,ABC
6,1,0,343,2,1,0,0.0,M
4,1,0,344,2,1,0,0.0,M
0,1,0,345,2,1,0,0.0,M
4,1,0,346,2,0,0,1.0,FG
0,1,0,347,2,0,0,1.0,M
4,2,0,348,3,0,1,1.0,M
1,2,1,349,3,1,1,1.0,M
0,1,0,350,3,1,0,0.0,M
4,1,0,351,3,1,0,0.0,M
0,3,0,352,1,1,0,0.0,ABC
5,0,1,353,3,1,1,0.0,M
4,2,0,354,3,1,1,0.0,M
4,0,0,355,3,1,0,0.0,M
6,1,0,356,3,1,0,0.0,M
4,3,1,357,1,0,0,1.0,DE
0,1,0,358,2,0,0,0.0,M
4,0,0,359,3,0,0,1.0,M
4,0,0,360,3,0,0,1.0,M
0,2,4,361,3,1,1,0.0,M
6,2,0,362,2,1,1,0.0,M
0,1,1,363,3,0,0,0.0,M
6,0,0,364,3,1,0,0.0,M
4,2,0,365,3,1,1,0.0,M
6,0,0,366,3,1,0,0.0,M
0,3,0,367,1,0,1,1.0,DE
4,0,0,368,3,0,0,1.0,M
4,0,0,369,3,0,0,1.0,M
4,3,0,370,1,0,0,1.0,ABC
4,3,0,371,1,1,1,1.0,DE
5,0,0,372,3,1,1,0.0,M
4,1,0,373,3,1,0,0.0,M
4,3,0,374,1,1,0,0.0,M
1,2,1,375,3,0,3,0.0,M
0,3,0,376,1,0,1,1.0,M
4,0,0,377,3,0,0,1.0,M
6,3,2,378,1,1,0,0.0,ABC
4,0,0,379,3,1,0,0.0,M
4,0,0,380,3,1,0,0.0,M
0,3,0,381,1,0,0,1.0,M
1,2,2,382,3,0,0,1.0,M
6,0,0,383,3,1,0,0.0,M
6,3,0,384,1,0,1,1.0,M
4,0,0,385,3,1,0,0.0,M
5,3,0,386,2,1,0,0.0,M
1,3,2,387,3,1,5,0.0,M
0,1,0,388,2,0,0,1.0,M
4,0,0,389,3,1,0,0.0,M
5,1,0,390,2,0,0,1.0,M
0,3,2,391,1,1,1,1.0,ABC
4,0,0,392,3,1,0,1.0,M
6,0,0,393,3,1,2,0.0,M
4,3,0,394,1,0,1,1.0,DE
4,2,2,395,3,0,0,1.0,FG
4,0,0,396,3,1,0,0.0,M
6,0,0,397,3,0,0,0.0,M
0,2,0,398,2,1,0,0.0,M
4,1,0,399,2,1,0,0.0,M
6,1,0,400,2,0,0,1.0,M
0,0,0,401,3,1,0,1.0,M
6,1,0,402,3,1,0,0.0,M
4,1,0,403,3,0,1,0.0,M
6,2,0,404,3,1,1,0.0,M
4,1,0,405,3,0,0,0.0,M
6,2,0,406,2,1,1,0.0,M
0,0,0,407,3,1,0,0.0,M
1,2,1,408,2,1,1,1.0,M
4,0,0,409,3,1,0,0.0,M
4,2,1,410,3,0,3,0.0,M
4,0,0,411,3,1,0,0.0,M
4,0,0,412,3,1,0,0.0,M
6,3,0,413,1,0,1,1.0,ABC
6,4,0,414,2,1,0,0.0,M
0,0,0,415,3,1,0,1.0,M
4,1,0,416,3,0,0,0.0,M
6,3,1,417,2,0,1,1.0,M
5,1,2,418,2,0,0,1.0,M
6,1,0,419,2,1,0,0.0,M
2,2,2,420,3,0,0,0.0,M
4,0,0,421,3,1,0,0.0,M
4,0,0,422,3,1,0,0.0,M
6,0,0,423,3,1,0,0.0,M
6,1,1,424,3,0,1,0.0,M
5,2,1,425,3,1,1,0.0,M
4,0,0,426,3,1,0,0.0,M
6,2,0,427,2,0,1,1.0,M
4,2,0,428,2,0,0,1.0,M
4,0,0,429,3,1,0,0.0,M
6,1,0,430,3,1,0,1.0,DE
6,2,0,431,1,1,0,1.0,ABC
4,2,0,432,3,0,1,1.0,M
0,2,0,433,2,0,1,1.0,M
5,0,0,434,3,1,0,0.0,M
0,3,0,435,1,1,1,0.0,DE
5,3,2,436,1,0,1,1.0,ABC
4,3,2,437,3,0,2,0.0,M
4,2,3,438,2,0,2,1.0,M
3,3,4,439,1,1,1,0.0,ABC
6,1,0,440,2,1,0,0.0,M
0,2,1,441,2,0,1,1.0,M
4,1,0,442,3,1,0,0.0,M
4,0,0,443,3,1,1,0.0,M
6,1,0,444,2,0,0,1.0,M
4,1,0,445,3,1,0,1.0,M
1,3,2,446,1,1,0,1.0,ABC
5,2,1,447,2,0,0,1.0,M
6,2,0,448,1,1,0,1.0,M
1,2,1,449,3,0,2,1.0,M
0,2,0,450,1,1,0,1.0,ABC
0,2,2,451,2,1,1,0.0,M
4,2,0,452,3,1,1,0.0,M
6,2,0,453,1,1,0,0.0,ABC
0,3,0,454,1,1,1,1.0,ABC
4,1,0,455,3,1,0,0.0,M
6,0,0,456,3,1,0,1.0,M
3,2,0,457,1,1,0,0.0,DE
0,3,0,458,1,0,1,1.0,DE
0,1,0,459,2,0,0,1.0,M
4,0,0,460,3,1,0,0.0,M
0,2,0,461,1,1,0,1.0,DE
6,1,0,462,3,1,0,0.0,M
0,3,0,463,1,1,0,0.0,DE
0,1,0,464,2,1,0,0.0,M
4,1,0,465,3,1,0,0.0,M
0,0,0,466,3,1,0,0.0,M
6,4,0,467,2,1,0,0.0,M
0,2,0,468,1,1,0,0.0,M
4,0,0,469,3,1,0,0.0,M
1,2,1,470,3,0,2,1.0,M
4,0,0,471,3,1,0,0.0,M
0,1,0,472,3,1,0,0.0,M
6,2,2,473,2,0,1,1.0,M
4,1,0,474,2,0,0,1.0,DE
4,1,0,475,3,0,0,0.0,M
0,3,0,476,1,1,0,0.0,ABC
6,2,0,477,2,1,1,0.0,M
6,0,0,478,3,1,1,0.0,M
4,0,0,479,3,1,0,0.0,M
1,1,1,480,3,0,0,1.0,M
2,3,2,481,3,1,5,0.0,M
6,4,0,482,2,1,0,0.0,M
0,1,0,483,3,1,0,0.0,M
3,1,0,484,3,0,0,1.0,M
4,3,0,485,1,1,1,1.0,ABC
4,2,1,486,3,0,3,0.0,M
6,3,0,487,1,0,1,1.0,ABC
0,2,0,488,1,1,0,0.0,ABC
6,1,0,489,3,1,0,0.0,M
2,2,1,490,3,1,1,1.0,M
4,2,0,491,3,1,1,0.0,M
4,0,0,492,3,1,0,0.0,M
0,2,0,493,1,1,0,0.0,ABC
3,3,0,494,1,1,0,0.0,M
4,1,0,495,3,1,0,0.0,M
4,1,0,496,3,1,0,0.0,M
0,3,0,497,1,0,1,1.0,DE
4,2,0,498,3,1,0,0.0,M
4,3,2,499,1,0,1,0.0,ABC
4,0,0,500,3,1,0,0.0,M
5,1,0,501,3,1,0,0.0,M
4,0,0,502,3,0,0,0.0,M
4,0,0,503,3,0,0,0.0,M
0,1,0,504,3,0,0,0.0,M
5,3,0,505,1,0,0,1.0,ABC
5,3,0,506,1,1,1,0.0,ABC
6,2,2,507,2,0,0,1.0,M
0,2,0,508,1,1,0,1.0,M
6,2,0,509,3,1,0,0.0,M
6,3,0,510,3,1,0,1.0,M
6,0,0,511,3,1,0,1.0,M
4,1,0,512,3,1,0,0.0,M
0,2,0,513,1,1,0,1.0,DE
0,3,0,514,1,0,1,1.0,M
4,0,0,515,3,1,0,0.0,M
0,3,0,516,1,1,0,0.0,DE
6,1,0,517,2,0,0,1.0,FG
4,2,0,518,3,1,0,0.0,M
0,2,0,519,2,0,1,1.0,M
6,0,0,520,3,1,0,0.0,M
6,3,0,521,1,0,0,1.0,ABC
4,0,0,522,3,1,0,0.0,M
4,0,0,523,3,1,0,0.0,M
0,3,1,524,1,0,0,1.0,ABC
4,0,0,525,3,1,0,0.0,M
0,0,0,526,3,1,0,0.0,M
0,1,0,527,2,0,0,1.0,M
0,3,0,528,1,1,0,0.0,ABC
0,0,0,529,3,1,0,0.0,M
4,1,1,530,2,1,2,0.0,M
1,2,1,531,2,0,1,1.0,M
4,0,0,532,3,1,0,0.0,M
5,0,1,533,3,1,1,0.0,M
4,2,2,534,3,0,0,1.0,M
6,1,0,535,3,0,0,0.0,M
2,2,2,536,2,0,0,1.0,M
0,2,0,537,1,1,0,0.0,ABC
6,3,0,538,1,0,0,1.0,M
4,1,0,539,3,1,0,0.0,M
4,3,2,540,1,0,0,1.0,ABC
0,3,2,541,1,0,0,1.0,ABC
2,3,2,542,3,0,4,0.0,M
2,3,2,543,3,0,4,0.0,M
6,2,0,544,2,1,1,1.0,M
0,3,0,545,1,1,1,0.0,ABC
3,2,0,546,1,1,0,0.0,M
4,2,0,547,2,0,1,1.0,M
6,1,0,548,2,1,0,1.0,M
6,2,1,549,3,1,1,0.0,M
2,3,1,550,2,1,1,1.0,M
5,3,2,551,1,1,0,1.0,ABC
6,2,0,552,2,1,0,0.0,M
4,0,0,553,3,1,0,0.0,M
4,0,0,554,3,1,0,1.0,M
4,0,0,555,3,0,0,1.0,M
3,2,0,556,1,1,0,0.0,M
0,3,0,557,1,0,1,1.0,ABC
0,3,0,558,1,1,0,0.0,M
0,3,1,559,1,0,1,1.0,DE
0,2,0,560,3,0,1,1.0,M
4,0,0,561,3,1,0,0.0,M
0,0,0,562,3,1,0,0.0,M
6,1,0,563,2,1,0,0.0,M
4,1,0,564,3,1,0,0.0,M
4,1,0,565,3,0,0,0.0,M
4,2,0,566,3,1,2,0.0,M
4,0,0,567,3,1,0,0.0,M
6,2,4,568,3,0,0,0.0,M
4,0,0,569,3,1,0,0.0,M
6,0,0,570,3,1,0,1.0,M
3,1,0,571,2,1,0,1.0,M
0,3,0,572,1,0,2,1.0,ABC
0,2,0,573,1,1,0,1.0,DE
4,0,0,574,3,0,0,1.0,M
5,1,0,575,3,1,0,0.0,M
4,1,0,576,3,1,0,0.0,M
6,1,0,577,2,0,0,1.0,M
0,3,0,578,1,0,1,1.0,DE
4,1,0,579,3,0,1,0.0,M
6,0,0,580,3,1,0,1.0,M
4,2,1,581,2,0,1,1.0,M
0,3,1,582,1,0,1,1.0,ABC
0,2,0,583,2,1,0,0.0,M
0,3,0,584,1,1,0,0.0,ABC
4,1,0,585,3,1,0,0.0,M
5,3,2,586,1,0,0,1.0,DE
0,1,0,587,2,1,0,0.0,M
0,3,1,588,1,1,1,1.0,ABC
4,1,0,589,3,1,0,0.0,M
4,1,0,590,3,1,0,0.0,M
6,0,0,591,3,1,0,0.0,M
0,3,0,592,1,0,1,1.0,DE
0,0,0,593,3,1,0,0.0,M
4,0,2,594,3,0,0,0.0,M
0,2,0,595,2,1,1,0.0,M
0,2,1,596,3,1,1,0.0,M
6,3,0,597,2,0,0,1.0,M
0,4,0,598,3,1,0,0.0,M
4,0,0,599,3,1,0,0.0,M
0,3,0,600,1,1,1,1.0,ABC
4,2,1,601,2,0,2,1.0,M
4,0,0,602,3,1,0,0.0,M
0,3,0,603,1,1,0,0.0,M
0,1,0,604,3,1,0,0.0,M
6,2,0,605,1,1,0,1.0,M
0,2,0,606,3,1,1,0.0,M
6,0,0,607,3,1,0,0.0,M
6,2,0,608,1,1,0,1.0,M
4,3,2,609,2,0,1,1.0,M
0,3,0,610,1,0,0,1.0,ABC
0,3,5,611,3,0,1,0.0,M
4,0,0,612,3,1,0,0.0,M
4,2,0,613,3,0,1,1.0,M
4,0,0,614,3,1,0,0.0,M
6,1,0,615,3,1,0,0.0,M
4,3,2,616,2,0,1,1.0,M
6,1,1,617,3,1,1,0.0,M
6,2,0,618,3,0,1,0.0,M
1,3,1,619,2,0,2,1.0,FG
6,1,0,620,2,1,0,0.0,M
6,1,0,621,3,1,1,0.0,M
0,3,0,622,1,1,1,1.0,DE
4,2,1,623,3,1,1,1.0,M
4,0,0,624,3,1,0,0.0,M
4,2,0,625,3,1,0,0.0,M
3,3,0,626,1,1,0,0.0,DE
0,1,0,627,2,1,0,0.0,M
4,3,0,628,1,0,0,1.0,DE
6,0,0,629,3,1,0,0.0,M
4,0,0,630,3,1,0,0.0,M
3,2,0,631,1,1,0,1.0,ABC
0,0,0,632,3,1,0,0.0,M
6,2,0,633,1,1,0,1.0,ABC
0,4,0,634,1,1,0,0.0,M
2,2,2,635,3,0,3,0.0,M
6,1,0,636,2,0,0,1.0,M
6,0,0,637,3,1,0,0.0,M
6,2,1,638,2,1,1,0.0,M
0,3,5,639,3,0,0,0.0,M
4,2,0,640,3,1,1,0.0,M
4,0,0,641,3,1,0,0.0,M
4,3,0,642,1,0,0,1.0,ABC
1,2,2,643,3,0,3,0.0,M
4,3,0,644,3,1,0,1.0,M
1,2,1,645,3,0,2,1.0,M
0,3,0,646,1,1,1,1.0,DE
4,0,0,647,3,1,0,0.0,M
0,3,0,648,1,1,0,1.0,ABC
4,0,0,649,3,1,0,0.0,M
4,0,0,650,3,0,0,1.0,M
4,0,0,651,3,1,0,0.0,M
5,2,1,652,2,0,0,1.0,M
4,1,0,653,3,1,0,0.0,M
4,0,0,654,3,0,0,1.0,M
5,0,0,655,3,0,0,0.0,M
4,3,0,656,2,1,2,0.0,M
4,0,0,657,3,1,0,0.0,M
6,2,1,658,3,0,1,0.0,M
4,1,0,659,2,1,0,0.0,M
0,3,2,660,1,1,0,0.0,DE
0,3,0,661,1,1,2,1.0,M
0,0,0,662,3,1,0,0.0,M
0,2,0,663,1,1,0,0.0,DE
0,0,0,664,3,1,0,0.0,M
4,0,0,665,3,1,1,1.0,M
6,3,0,666,2,1,2,0.0,M
4,1,0,667,2,1,0,0.0,M
4,0,0,668,3,1,0,0.0,M
0,1,0,669,3,1,0,0.0,M
0,3,0,670,1,0,1,1.0,ABC
0,3,1,671,2,0,1,1.0,M
6,3,0,672,1,1,1,0.0,ABC
3,1,0,673,2,1,0,0.0,M
6,1,0,674,2,1,0,1.0,M
6,4,0,675,2,1,0,0.0,M
5,0,0,676,3,1,0,0.0,M
4,1,0,677,3,1,0,0.0,M
5,1,0,678,3,0,0,1.0,M
0,3,6,679,3,0,1,0.0,M
0,3,1,680,1,1,0,1.0,ABC
4,1,0,681,3,0,0,0.0,M
6,3,0,682,1,1,0,1.0,DE
4,1,0,683,3,1,0,0.0,M
5,3,2,684,3,1,5,0.0,M
0,3,1,685,2,1,1,0.0,M
4,3,2,686,2,1,1,0.0,M
5,3,1,687,3,1,4,0.0,M
4,1,0,688,3,1,0,0.0,M
5,0,0,689,3,1,0,0.0,M
5,3,1,690,1,0,0,1.0,ABC
6,3,0,691,1,1,1,1.0,ABC
1,1,1,692,3,0,0,1.0,M
4,3,0,693,3,1,0,1.0,M
4,0,0,694,3,1,0,0.0,M
0,2,0,695,1,1,0,0.0,M
0,1,0,696,2,1,0,0.0,M
0,1,0,697,3,1,0,0.0,M
4,0,0,698,3,0,0,1.0,M
0,3,1,699,1,1,1,0.0,ABC
0,0,0,700,3,1,0,0.0,FG
5,3,0,701,1,0,1,1.0,ABC
6,2,0,702,1,1,0,1.0,DE
5,1,1,703,3,0,0,0.0,M
4,0,0,704,3,1,0,0.0,M
6,0,0,705,3,1,1,0.0,M
0,2,0,706,2,1,0,0.0,M
0,1,0,707,2,0,0,1.0,M
0,2,0,708,1,1,0,1.0,DE
4,3,0,709,1,0,0,1.0,M
4,2,1,710,3,1,1,1.0,M
4,3,0,711,1,0,0,1.0,ABC
0,2,0,712,1,1,0,0.0,ABC
0,3,0,713,1,1,1,1.0,ABC
6,1,0,714,3,1,0,0.0,M
0,1,0,715,2,1,0,0.0,M
4,0,0,716,3,1,0,0.0,FG
0,3,0,717,1,0,0,1.0,ABC
6,1,0,718,2,0,0,1.0,DE
4,2,0,719,3,1,0,0.0,M
6,0,0,720,3,1,0,0.0,M
2,3,1,721,2,0,0,1.0,M
5,0,0,722,3,1,1,0.0,M
6,1,0,723,2,1,0,0.0,M
0,1,0,724,2,1,0,0.0,M
6,3,0,725,1,1,1,1.0,DE
4,1,0,726,3,1,0,0.0,M
6,2,0,727,2,0,3,1.0,M
4,0,0,728,3,0,0,1.0,M
4,2,0,729,2,1,1,0.0,M
4,0,0,730,3,0,1,0.0,M
6,3,0,731,1,0,0,1.0,ABC
2,2,0,732,3,1,0,0.0,M
6,4,0,733,2,1,0,0.0,M
4,1,0,734,2,1,0,0.0,M
4,1,0,735,2,1,0,0.0,M
6,2,0,736,3,1,0,0.0,M
0,3,3,737,3,0,1,0.0,M
6,3,0,738,1,1,0,1.0,ABC
4,0,0,739,3,1,0,0.0,M
4,0,0,740,3,1,0,0.0,M
0,2,0,741,1,1,0,1.0,DE
0,3,0,742,1,1,1,0.0,ABC
4,3,2,743,1,0,2,1.0,ABC
4,2,0,744,3,1,1,0.0,M
6,0,0,745,3,1,0,1.0,M
3,3,1,746,1,1,1,0.0,ABC
5,2,1,747,3,1,1,0.0,M
6,1,0,748,2,0,0,1.0,M
4,3,0,749,1,1,1,0.0,DE
6,0,0,750,3,1,0,0.0,M
1,2,1,751,2,0,1,1.0,M
2,1,1,752,3,1,0,1.0,DE
6,1,0,753,3,1,0,0.0,M
4,0,0,754,3,1,0,0.0,M
0,3,2,755,2,0,1,1.0,M
1,1,1,756,2,1,1,1.0,M
6,0,0,757,3,1,0,0.0,M
5,1,0,758,2,1,0,0.0,M
6,1,0,759,3,1,0,0.0,M
6,3,0,760,1,0,0,1.0,ABC
4,1,0,761,3,1,0,0.0,M
0,0,0,762,3,1,0,0.0,M
4,0,0,763,3,1,0,1.0,M
0,3,2,764,1,0,1,1.0,ABC
5,0,0,765,3,1,0,0.0,M
0,3,0,766,1,0,1,1.0,DE
0,3,0,767,1,1,0,0.0,M
6,0,0,768,3,0,0,0.0,M
4,2,0,769,3,1,1,0.0,M
6,1,0,770,3,1,0,0.0,M
4,1,0,771,3,1,0,0.0,M
0,0,0,772,3,1,0,0.0,M
0,1,0,773,2,0,0,0.0,DE
4,0,0,774,3,1,0,0.0,M
0,2,3,775,2,0,1,1.0,M
5,0,0,776,3,1,0,0.0,M
4,0,0,777,3,1,0,0.0,FG
1,1,0,778,3,0,0,1.0,M
4,0,0,779,3,1,0,0.0,M
0,3,1,780,1,0,0,1.0,ABC
5,0,0,781,3,0,0,1.0,M
5,3,0,782,1,0,1,1.0,ABC
6,2,0,783,1,1,0,0.0,DE
4,2,2,784,3,1,1,0.0,M
4,0,0,785,3,1,0,0.0,M
4,0,0,786,3,1,0,0.0,M
5,0,0,787,3,0,0,1.0,M
2,2,1,788,3,1,4,0.0,M
1,2,2,789,3,1,1,1.0,M
0,3,0,790,1,1,0,0.0,ABC
4,0,0,791,3,1,0,0.0,M
5,2,0,792,2,1,0,0.0,M
4,3,2,793,3,0,8,0.0,M
0,2,0,794,1,1,0,0.0,M
4,0,0,795,3,1,0,0.0,M
0,1,0,796,2,1,0,0.0,M
0,2,0,797,1,0,0,1.0,DE
6,1,0,798,3,0,0,1.0,M
6,0,0,799,3,1,0,0.0,M
6,2,1,800,3,0,1,0.0,M
6,1,0,801,2,1,0,0.0,M
6,2,1,802,2,0,1,1.0,M
2,3,2,803,1,1,1,1.0,ABC
1,1,1,804,3,1,0,1.0,M
6,0,0,805,3,1,0,1.0,M
6,0,0,806,3,1,0,0.0,M
0,4,0,807,1,1,0,0.0,ABC
5,0,0,808,3,0,0,0.0,M
0,1,0,809,2,1,0,0.0,M
6,3,0,810,1,0,1,1.0,DE
6,0,0,811,3,1,0,0.0,M
0,2,0,812,3,1,0,0.0,M
6,1,0,813,2,1,0,0.0,M
2,3,2,814,3,0,4,0.0,M
6,1,0,815,3,1,0,0.0,M
0,4,0,816,1,1,0,0.0,ABC
4,0,0,817,3,0,0,0.0,M
6,3,1,818,2,1,1,0.0,M
0,0,0,819,3,1,0,0.0,M
2,2,2,820,3,1,3,0.0,M
0,3,1,821,1,0,1,1.0,ABC
6,1,0,822,3,1,0,1.0,M
0,4,0,823,1,1,0,0.0,M
6,1,1,824,3,0,0,1.0,DE
1,3,1,825,3,1,4,0.0,M
4,0,0,826,3,1,0,0.0,M
4,3,0,827,3,1,0,0.0,M
1,3,2,828,2,1,0,1.0,M
4,0,0,829,3,1,0,1.0,M
3,3,0,830,1,0,0,1.0,ABC
5,1,0,831,3,0,1,1.0,M
1,2,1,832,2,1,1,1.0,M
4,0,0,833,3,1,0,0.0,M
4,0,0,834,3,1,0,0.0,M
5,1,0,835,3,1,0,0.0,M
0,3,1,836,1,0,1,1.0,DE
4,1,0,837,3,1,0,0.0,M
4,1,0,838,3,1,0,0.0,M
6,3,0,839,3,1,0,1.0,M
0,2,0,840,1,1,0,1.0,ABC
4,0,0,841,3,1,0,0.0,M
5,1,0,842,2,1,0,0.0,M
6,2,0,843,1,0,0,1.0,M
6,0,0,844,3,1,0,0.0,M
5,1,0,845,3,1,0,0.0,M
0,0,0,846,3,1,0,0.0,M
4,3,2,847,3,1,8,0.0,M
6,0,0,848,3,1,0,0.0,M
6,3,1,849,2,1,0,0.0,M
0,3,0,850,1,0,1,1.0,ABC
1,3,2,851,3,1,4,0.0,M
3,0,0,852,3,1,0,0.0,M
2,2,1,853,3,0,1,0.0,M
5,3,1,854,1,0,0,1.0,DE
0,2,0,855,2,0,1,0.0,M
5,1,1,856,3,0,0,1.0,M
0,3,1,857,1,0,1,1.0,M
0,2,0,858,1,1,0,1.0,DE
4,2,3,859,3,0,0,1.0,M
4,0,0,860,3,1,0,0.0,M
0,1,0,861,3,1,2,0.0,M
4,1,0,862,2,1,1,0.0,M
0,2,0,863,1,0,0,1.0,DE
4,3,2,864,3,0,8,0.0,M
4,1,0,865,2,1,0,0.0,M
0,1,0,866,2,0,0,1.0,M
6,1,0,867,2,0,1,1.0,M
6,3,0,868,1,1,0,0.0,ABC
4,1,0,869,3,1,0,0.0,M
1,1,1,870,3,1,1,1.0,M
6,0,0,871,3,1,0,0.0,M
0,3,1,872,1,0,1,1.0,DE
6,0,0,873,1,1,0,0.0,ABC
0,1,0,874,3,1,0,0.0,M
6,2,0,875,2,0,1,1.0,M
5,0,0,876,3,0,0,1.0,M
4,1,0,877,3,1,0,0.0,M
4,0,0,878,3,1,0,0.0,M
4,0,0,879,3,1,0,0.0,M
0,3,1,880,1,0,0,1.0,ABC
4,2,1,881,2,0,0,1.0,M
6,0,0,882,3,1,0,0.0,M
4,1,0,883,3,0,0,0.0,M
6,1,0,884,2,1,0,0.0,M
4,0,0,885,3,1,0,0.0,M
0,2,5,886,3,0,0,0.0,M
6,1,0,887,2,1,0,0.0,M
4,2,0,888,1,0,0,1.0,ABC
4,2,2,889,3,0,1,0.0,M
6,2,0,890,1,1,0,1.0,ABC
6,0,0,891,3,1,0,0.0,M
6,0,0,892,3,1,0,,M
0,0,0,893,3,0,1,,M
3,1,0,894,2,1,0,,M
6,1,0,895,3,1,0,,M
4,1,1,896,3,0,1,,M
5,1,0,897,3,1,0,,M
6,0,0,898,3,0,0,,M
6,2,1,899,2,1,1,,M
5,0,0,900,3,0,0,,M
4,2,0,901,3,1,2,,M
4,0,0,902,3,1,0,,M
0,2,0,903,1,1,0,,M
4,3,0,904,1,0,1,,ABC
3,2,0,905,2,1,1,,M
0,3,0,906,1,0,1,,DE
4,2,0,907,2,0,1,,M
6,1,0,908,2,1,0,,M
4,0,0,909,3,1,0,,M
6,0,0,910,3,0,1,,M
0,0,0,911,3,0,0,,M
0,3,0,912,1,1,1,,M
2,0,1,913,3,1,0,,M
0,3,0,914,1,0,0,,M
4,3,1,915,1,1,0,,M
0,3,3,916,1,0,1,,ABC
0,1,0,917,3,1,1,,M
4,3,1,918,1,0,0,,ABC
4,0,0,919,3,1,0,,M
0,2,0,920,1,1,0,,ABC
4,2,0,921,3,1,2,,M
0,2,0,922,2,1,1,,M
4,3,0,923,2,1,2,,M
6,2,2,924,3,0,1,,M
4,2,2,925,3,0,1,,M
6,3,0,926,1,1,1,,ABC
4,0,0,927,3,1,0,,M
4,1,0,928,3,0,0,,M
4,1,0,929,3,0,0,,M
4,1,0,930,3,1,0,,M
4,3,0,931,3,1,0,,M
0,1,1,932,3,1,0,,M
0,2,0,933,1,1,0,,DE
0,0,0,934,3,1,0,,M
6,1,0,935,2,0,0,,M
0,3,0,936,1,0,1,,DE
4,0,0,937,3,1,0,,M
0,2,0,938,1,1,0,,ABC
4,0,0,939,3,1,0,,M
0,3,0,940,1,0,0,,DE
0,2,2,941,3,0,0,,M
4,3,0,942,1,1,1,,ABC
6,2,0,943,2,1,0,,M
4,2,1,944,2,0,2,,M
6,3,2,945,1,0,3,,ABC
6,2,0,946,2,1,0,,M
2,2,1,947,3,1,4,,M
6,0,0,948,3,1,0,,M
4,0,0,949,3,1,0,,FG
4,2,0,950,3,1,1,,M
0,3,0,951,1,0,0,,ABC
5,0,0,952,3,1,0,,M
6,1,0,953,2,1,0,,M
5,0,0,954,3,1,0,,M
4,0,0,955,3,0,0,,M
5,3,2,956,1,1,2,,ABC
6,2,0,957,2,0,0,,M
5,0,0,958,3,0,0,,M
0,3,0,959,1,1,0,,M
6,2,0,960,1,1,0,,ABC
0,3,4,961,1,0,1,,ABC
4,0,0,962,3,0,0,,M
4,0,0,963,3,1,0,,M
6,0,0,964,3,0,0,,M
6,2,0,965,1,1,0,,DE
6,3,0,966,1,0,0,,ABC
6,3,0,967,1,1,0,,ABC
4,1,0,968,3,1,0,,M
0,2,0,969,1,0,2,,ABC
6,1,0,970,2,1,0,,M
4,0,0,971,3,0,0,,M
2,2,1,972,3,1,1,,M
3,3,0,973,1,1,1,,ABC
0,2,0,974,1,1,0,,M
4,0,0,975,3,1,0,,M
6,1,0,976,2,1,0,,M
4,1,0,977,3,1,1,,M
6,0,0,978,3,0,0,,M
5,1,0,979,3,0,0,,M
4,0,0,980,3,0,0,,M
1,2,1,981,2,1,1,,M
4,1,0,982,3,0,1,,M
4,0,0,983,3,1,0,,M
6,3,2,984,1,0,1,,ABC
4,1,0,985,3,1,0,,M
4,2,0,986,1,1,0,,M
4,0,0,987,3,1,0,,M
3,3,0,988,1,0,1,,ABC
6,0,0,989,3,1,0,,M
4,0,0,990,3,0,0,,M
6,1,0,991,3,1,0,,M
0,3,0,992,1,0,1,,ABC
6,2,0,993,2,1,1,,M
4,0,0,994,3,1,0,,M
6,0,0,995,3,1,0,,M
5,1,1,996,3,0,1,,M
6,2,0,997,3,1,0,,M
4,0,0,998,3,1,0,,M
4,0,0,999,3,1,0,,M
4,1,0,1000,3,1,0,,M
4,1,0,1001,2,1,0,,FG
0,2,0,1002,2,1,0,,M
4,0,0,1003,3,0,0,,M
0,3,0,1004,1,0,0,,ABC
4,0,0,1005,3,0,0,,M
3,3,0,1006,1,0,1,,ABC
5,1,0,1007,3,1,1,,M
4,0,0,1008,3,1,0,,M
1,2,1,1009,3,0,1,,FG
0,3,0,1010,1,1,0,,ABC
6,2,0,1011,2,0,1,,M
2,2,0,1012,2,0,0,,M
4,0,0,1013,3,1,1,,M
6,3,0,1014,1,0,1,,ABC
6,0,0,1015,3,1,0,,M
4,0,0,1016,3,1,0,,M
5,2,1,1017,3,0,0,,M
4,0,0,1018,3,1,0,,M
4,2,0,1019,3,0,2,,M
0,1,0,1020,2,1,0,,M
4,1,0,1021,3,1,0,,M
6,1,0,1022,3,1,0,,M
0,2,0,1023,1,1,0,,ABC
4,2,4,1024,3,0,0,,M
4,0,0,1025,3,1,1,,M
0,0,0,1026,3,1,0,,M
4,0,0,1027,3,1,0,,M
6,0,0,1028,3,1,0,,M
6,1,0,1029,2,1,0,,M
4,1,0,1030,3,0,0,,M
0,3,6,1031,3,1,1,,M
2,3,2,1032,3,0,5,,M
6,3,0,1033,1,0,0,,M
3,3,3,1034,1,1,1,,ABC
6,2,0,1035,2,1,0,,M
0,2,0,1036,1,1,0,,M
6,2,0,1037,3,1,3,,M
0,3,0,1038,1,1,0,,DE
4,1,0,1039,3,1,0,,M
0,2,0,1040,1,1,0,,M
6,2,1,1041,2,1,1,,M
4,3,1,1042,1,0,0,,ABC
4,0,0,1043,3,1,0,,M
3,0,0,1044,3,1,0,,M
0,1,2,1045,3,0,0,,M
5,3,2,1046,3,1,4,,M
4,0,0,1047,3,1,0,,M
6,3,0,1048,1,0,0,,ABC
4,0,0,1049,3,0,0,,M
0,2,0,1050,1,1,0,,DE
6,1,2,1051,3,0,0,,M
4,0,0,1052,3,0,0,,M
2,2,1,1053,3,1,1,,M
6,1,0,1054,2,0,0,,M
4,0,0,1055,3,1,0,,M
0,1,0,1056,2,1,0,,M
6,2,1,1057,3,0,1,,M
0,3,0,1058,1,1,0,,ABC
5,3,2,1059,3,1,2,,M
0,2,0,1060,1,0,0,,M
4,1,0,1061,3,0,0,,M
4,0,0,1062,3,1,0,,M
6,0,0,1063,3,1,0,,M
4,1,0,1064,3,1,1,,M
4,0,0,1065,3,1,0,,M
0,3,5,1066,3,1,1,,M
5,3,2,1067,2,0,0,,M
4,3,0,1068,2,0,0,,M
0,3,0,1069,1,1,1,,ABC
0,3,3,1070,2,0,0,,FG
3,3,2,1071,1,0,0,,DE
6,1,0,1072,2,1,0,,M
0,3,1,1073,1,1,1,,DE
5,3,0,1074,1,0,1,,DE
4,0,0,1075,3,1,0,,M
6,3,1,1076,1,0,1,,ABC
0,2,0,1077,2,1,0,,M
4,2,1,1078,2,0,0,,M
5,1,0,1079,3,1,2,,M
4,3,2,1080,3,0,8,,M
0,1,0,1081,2,1,0,,M
6,2,0,1082,2,1,1,,M
0,2,0,1083,1,1,0,,M
2,1,1,1084,3,1,1,,M
3,1,0,1085,2,1,0,,M
2,3,2,1086,2,1,0,,M
6,0,0,1087,3,1,0,,M
2,3,2,1088,1,1,0,,DE
5,0,0,1089,3,0,0,,M
4,1,0,1090,2,1,0,,M
4,1,0,1091,3,0,0,,M
4,2,0,1092,3,0,0,,M
1,1,2,1093,3,1,0,,M
0,3,0,1094,1,1,1,,ABC
2,2,1,1095,2,0,1,,M
4,1,0,1096,2,1,0,,M
0,2,0,1097,1,1,0,,M
6,0,0,1098,3,0,0,,M
4,1,0,1099,2,1,0,,M
6,2,0,1100,1,0,0,,ABC
4,0,0,1101,3,1,0,,M
6,2,0,1102,3,1,0,,M
4,0,0,1103,3,1,0,,M
5,3,0,1104,2,1,0,,M
0,2,0,1105,2,0,1,,M
0,0,2,1106,3,0,4,,M
0,3,0,1107,1,1,0,,ABC
4,0,0,1108,3,0,0,,M
0,3,1,1109,1,1,1,,M
0,3,1,1110,1,0,1,,ABC
4,1,0,1111,3,1,0,,M
6,1,0,1112,2,0,1,,M
4,1,0,1113,3,1,0,,M
4,1,0,1114,2,0,0,,FG
4,0,0,1115,3,1,0,,M
0,2,0,1116,1,0,0,,M
4,2,2,1117,3,0,0,,M
4,0,0,1118,3,1,0,,M
4,0,0,1119,3,0,0,,M
0,2,0,1120,3,1,0,,M
0,1,0,1121,2,1,0,,M
5,3,0,1122,2,1,0,,M
4,2,0,1123,1,0,0,,M
4,0,0,1124,3,1,1,,M
4,0,0,1125,3,1,0,,M
0,3,0,1126,1,1,1,,ABC
4,0,0,1127,3,1,0,,M
3,3,0,1128,1,1,1,,DE
4,0,0,1129,3,1,0,,M
5,1,1,1130,2,0,1,,M
0,3,0,1131,1,0,1,,ABC
0,2,0,1132,1,0,0,,M
0,2,2,1133,2,0,0,,M
0,3,1,1134,1,1,1,,DE
4,0,0,1135,3,1,0,,M
4,2,2,1136,3,1,1,,M
0,3,0,1137,1,1,1,,DE
4,2,0,1138,2,0,0,,M
0,3,1,1139,2,1,1,,M
6,2,0,1140,2,0,1,,M
4,1,0,1141,3,0,1,,M
1,2,2,1142,2,0,1,,M
4,0,0,1143,3,1,0,,M
6,3,0,1144,1,1,1,,ABC
4,1,0,1145,3,1,0,,M
6,1,0,1146,3,1,0,,M
4,0,0,1147,3,1,0,,M
4,0,0,1148,3,1,0,,M
6,1,0,1149,3,1,0,,M
4,1,0,1150,2,0,0,,M
4,0,0,1151,3,1,0,,M
0,2,0,1152,3,1,1,,M
4,0,0,1153,3,1,0,,M
6,2,2,1154,2,0,0,,M
1,1,1,1155,3,0,1,,M
6,1,0,1156,2,1,0,,M
4,0,0,1157,3,1,0,,M
0,4,0,1158,1,1,0,,M
4,0,0,1159,3,1,0,,M
4,1,0,1160,3,0,0,,M
5,1,0,1161,3,1,0,,M
0,3,0,1162,1,1,0,,ABC
4,0,0,1163,3,1,0,,M
6,3,0,1164,1,0,1,,ABC
4,2,0,1165,3,0,1,,M
4,0,0,1166,3,1,0,,M
4,2,0,1167,2,0,1,,M
6,1,0,1168,2,1,0,,M
0,2,0,1169,2,1,1,,M
6,2,0,1170,2,1,1,,M
4,1,0,1171,2,1,0,,M
4,1,0,1172,3,0,0,,M
1,1,1,1173,3,1,1,,M
4,0,0,1174,3,0,0,,M
2,2,1,1175,3,0,1,,M
1,2,1,1176,3,0,1,,M
0,0,0,1177,3,1,0,,M
4,0,0,1178,3,1,0,,M
4,3,0,1179,1,1,1,,ABC
4,0,0,1180,3,1,0,,FG
4,1,0,1181,3,1,0,,M
0,3,0,1182,1,1,0,,M
6,0,0,1183,3,0,0,,M
4,0,0,1184,3,1,0,,M
0,3,1,1185,1,1,1,,ABC
0,1,0,1186,3,1,0,,M
6,0,0,1187,3,1,0,,M
1,3,2,1188,2,0,1,,M
4,2,0,1189,3,1,2,,M
6,3,0,1190,1,1,0,,M
6,0,0,1191,3,1,0,,M
6,0,0,1192,3,1,0,,M
6,2,0,1193,2,1,0,,DE
0,2,1,1194,2,1,0,,M
4,1,0,1195,3,1,0,,M
4,0,0,1196,3,0,0,,M
3,2,1,1197,1,0,1,,ABC
6,3,2,1198,1,1,1,,ABC
1,1,1,1199,3,1,0,,M
0,3,1,1200,1,1,1,,ABC
0,1,0,1201,3,0,1,,M
5,1,0,1202,3,1,0,,M
4,0,0,1203,3,1,0,,M
4,0,0,1204,3,1,0,,M
0,0,0,1205,3,0,0,,M
0,3,0,1206,1,0,0,,ABC
5,0,0,1207,3,0,0,,M
0,3,0,1208,1,1,1,,ABC
4,1,0,1209,2,1,0,,M
6,0,0,1210,3,1,0,,M
4,3,0,1211,2,1,2,,M
6,0,0,1212,3,1,0,,M
4,0,0,1213,3,1,0,,FG
6,1,0,1214,2,1,0,,FG
6,2,0,1215,1,1,0,,M
0,3,0,1216,1,0,0,,M
4,0,0,1217,3,1,0,,M
2,3,1,1218,2,0,2,,FG
0,3,0,1219,1,1,0,,M
6,2,0,1220,2,1,1,,M
4,1,0,1221,2,1,0,,M
0,3,2,1222,2,0,0,,M
0,2,0,1223,1,1,0,,ABC
4,0,0,1224,3,1,0,,M
4,2,1,1225,3,0,1,,M
6,0,0,1226,3,1,0,,M
6,2,0,1227,1,1,0,,ABC
6,1,0,1228,2,1,0,,M
0,0,2,1229,3,1,0,,M
4,3,0,1230,2,1,0,,M
4,0,0,1231,3,1,0,,M
5,1,0,1232,2,1,0,,M
6,0,0,1233,3,1,0,,M
4,3,9,1234,3,1,1,,M
0,3,1,1235,1,0,0,,ABC
4,1,1,1236,3,1,1,,M
5,0,0,1237,3,0,0,,M
6,1,0,1238,2,1,0,,M
0,0,0,1239,3,0,0,,M
4,1,0,1240,2,1,0,,M
6,2,0,1241,2,0,0,,M
0,3,1,1242,1,0,0,,DE
4,1,0,1243,2,1,0,,M
5,3,0,1244,2,1,0,,M
0,3,2,1245,2,1,1,,M
1,2,2,1246,3,0,1,,M
0,2,0,1247,1,1,0,,DE
0,3,0,1248,1,0,2,,ABC
4,0,0,1249,3,1,0,,M
4,0,0,1250,3,1,0,,M
6,2,0,1251,3,0,1,,M
5,3,2,1252,3,1,8,,M
4,3,1,1253,2,0,1,,M
6,2,0,1254,2,0,0,,M
6,1,0,1255,3,1,0,,M
4,3,0,1256,1,0,1,,DE
4,3,9,1257,3,0,1,,M
4,1,0,1258,3,1,1,,M
4,3,0,1259,3,0,0,,M
0,3,1,1260,1,0,0,,M
6,1,0,1261,2,1,0,,M
4,1,0,1262,2,1,1,,M
6,3,0,1263,1,0,0,,DE
0,4,0,1264,1,1,0,,ABC
0,1,0,1265,2,1,0,,M
0,3,1,1266,1,0,1,,ABC
0,3,0,1267,1,0,0,,M
4,1,0,1268,3,0,2,,M
4,1,0,1269,2,1,0,,M
0,3,0,1270,1,1,0,,ABC
1,3,2,1271,3,1,4,,M
4,0,0,1272,3,1,0,,M
6,0,0,1273,3,1,0,,M
4,1,0,1274,3,0,0,,M
4,2,0,1275,3,0,1,,M
6,1,0,1276,2,1,0,,M
4,3,2,1277,2,0,1,,M
4,0,0,1278,3,1,0,,M
0,1,0,1279,2,1,0,,M
4,0,0,1280,3,1,0,,M
2,2,1,1281,3,1,3,,M
4,3,0,1282,1,1,0,,ABC
0,3,1,1283,1,0,0,,DE
5,2,2,1284,3,1,0,,M
0,1,0,1285,2,1,0,,M
6,2,1,1286,3,1,3,,M
5,3,0,1287,1,0,1,,ABC
4,0,0,1288,3,1,0,,M
0,3,1,1289,1,0,1,,ABC
4,0,0,1290,3,1,0,,M
6,0,0,1291,3,1,0,,M
6,3,0,1292,1,0,0,,ABC
0,2,0,1293,2,1,1,,M
4,3,1,1294,1,0,0,,M
5,3,0,1295,1,1,0,,M
0,2,0,1296,1,1,1,,DE
4,1,0,1297,2,1,0,,DE
4,1,0,1298,2,1,1,,M
0,3,1,1299,1,1,1,,ABC
4,0,0,1300,3,0,0,,M
1,1,1,1301,3,0,1,,M
4,0,0,1302,3,0,0,,M
0,3,0,1303,1,0,1,,ABC
6,0,0,1304,3,0,0,,M
4,1,0,1305,3,1,0,,M
0,3,0,1306,1,0,0,,ABC
0,0,0,1307,3,1,0,,M
4,1,0,1308,3,1,0,,M
4,2,1,1309,3,1,1,,M
